detector,wavelength_nm,voltage_V,scan,timestamp
PDA50B2,1300.0,1.2930924586083703,1,1772321214.5312588
PDA50B2,1300.0100002288818,1.3194089201011392,1,1772321214.536259
PDA50B2,1300.0199999809265,1.3003294854048566,1,1772321214.5412588
PDA50B2,1300.0300002098083,1.3289486376751762,1,1772321214.546259
PDA50B2,1300.039999961853,1.3075665122877893,1,1772321214.5512588
PDA50B2,1300.0500001907349,1.2944082816558518,1,1772321214.556259
PDA50B2,1300.0599999427795,1.3184220527744976,1,1772321214.5612588
PDA50B2,1300.0700001716614,1.3032900873010564,1,1772321214.566259
PDA50B2,1300.079999923706,1.3302644608006742,1,1772321214.5712588
PDA50B2,1300.090000152588,1.309540246907242,1,1772321214.576259
PDA50B2,1300.0999999046326,1.2947372374181678,1,1772321214.5812588
PDA50B2,1300.1100001335144,1.319079964325413,1,1772321214.586259
PDA50B2,1300.119999885559,1.3000005296395052,1,1772321214.5912588
PDA50B2,1300.130000114441,1.3286196818942504,1,1772321214.5962589
PDA50B2,1300.1399998664856,1.309540246907242,1,1772321214.6012588
PDA50B2,1300.1500000953674,1.2914476798030328,1,1772321214.6062589
PDA50B2,1300.159999847412,1.3187510085498657,1,1772321214.6112587
PDA50B2,1300.170000076294,1.3016453084680477,1,1772321214.6162589
PDA50B2,1300.1799998283386,1.3296065492375662,1,1772321214.6212587
PDA50B2,1300.1900000572205,1.309540246907242,1,1772321214.6262589
PDA50B2,1300.1999998092651,1.2917766355637434,1,1772321214.6312587
PDA50B2,1300.210000038147,1.3187510085498657,1,1772321214.6362588
PDA50B2,1300.2199997901917,1.3016453084680477,1,1772321214.6412587
PDA50B2,1300.2300000190735,1.3296065492375662,1,1772321214.6462588
PDA50B2,1300.2399997711182,1.308882335366709,1,1772321214.6512587
PDA50B2,1300.25,1.2924345470857002,1,1772321214.6562588
PDA50B2,1300.2599997520447,1.3187510085498657,1,1772321214.6612587
PDA50B2,1300.2699999809265,1.3006584411703863,1,1772321214.6662588
PDA50B2,1300.2799997329712,1.3302644608006742,1,1772321214.6712587
PDA50B2,1300.289999961853,1.3069086007494024,1,1772321214.6762588
PDA50B2,1300.2999997138977,1.2934214143699732,1,1772321214.6812587
PDA50B2,1300.3099999427795,1.3174351854494684,1,1772321214.6862588
PDA50B2,1300.3199996948242,1.3016453084680477,1,1772321214.6912587
PDA50B2,1300.329999923706,1.328290726113504,1,1772321214.6962588
PDA50B2,1300.340000152588,1.3101981584484903,1,1772321214.701259
PDA50B2,1300.3499999046326,1.2934214143699732,1,1772321214.7062588
PDA50B2,1300.3600001335144,1.3184220527744976,1,1772321214.711259
PDA50B2,1300.369999885559,1.3003294854048566,1,1772321214.7162588
PDA50B2,1300.380000114441,1.328290726113504,1,1772321214.7212589
PDA50B2,1300.3899998664856,1.307895468057251,1,1772321214.7262588
PDA50B2,1300.4000000953674,1.290131856761973,1,1772321214.7312589
PDA50B2,1300.409999847412,1.3171062296748166,1,1772321214.7362587
PDA50B2,1300.420000076294,1.2996715738743325,1,1772321214.7412589
PDA50B2,1300.4299998283386,1.3289486376751762,1,1772321214.7462587
PDA50B2,1300.4400000572205,1.3085533795967108,1,1772321214.7512589
PDA50B2,1300.4499998092651,1.293750370131754,1,1772321214.7562587
PDA50B2,1300.460000038147,1.316448318126051,1,1772321214.7612588
PDA50B2,1300.4699997901917,1.298684706579886,1,1772321214.7662587
PDA50B2,1300.4800000190735,1.3276328145525493,1,1772321214.7712588
PDA50B2,1300.4899997711182,1.3069086007494024,1,1772321214.7762587
PDA50B2,1300.5,1.292763502846946,1,1772321214.7812588
PDA50B2,1300.5099997520447,1.3180930969993088,1,1772321214.7862587
PDA50B2,1300.5199999809265,1.3000005296395052,1,1772321214.7912588
PDA50B2,1300.5299997329712,1.3286196818942504,1,1772321214.7962587
PDA50B2,1300.539999961853,1.3075665122877893,1,1772321214.8012588
PDA50B2,1300.5499997138977,1.2947372374181678,1,1772321214.8062587
PDA50B2,1300.5599999427795,1.3180930969993088,1,1772321214.8112588
PDA50B2,1300.5699996948242,1.3006584411703863,1,1772321214.8162587
PDA50B2,1300.579999923706,1.3289486376751762,1,1772321214.8212588
PDA50B2,1300.5899996757507,1.3082244238268914,1,1772321214.8262587
PDA50B2,1300.5999999046326,1.2934214143699732,1,1772321214.8312588
PDA50B2,1300.6099996566772,1.3174351854494684,1,1772321214.8362586
PDA50B2,1300.619999885559,1.3006584411703863,1,1772321214.8412588
PDA50B2,1300.6299996376038,1.3289486376751762,1,1772321214.8462586
PDA50B2,1300.6399998664856,1.3082244238268914,1,1772321214.8512588
PDA50B2,1300.6499996185303,1.2917766355637434,1,1772321214.8562586
PDA50B2,1300.659999847412,1.319079964325413,1,1772321214.8612587
PDA50B2,1300.670000076294,1.301974264234292,1,1772321214.8662589
PDA50B2,1300.6799998283386,1.3302644608006742,1,1772321214.8712587
PDA50B2,1300.6900000572205,1.308882335366709,1,1772321214.8762589
PDA50B2,1300.6999998092651,1.2924345470857002,1,1772321214.8812587
PDA50B2,1300.710000038147,1.3177641412242989,1,1772321214.8862588
PDA50B2,1300.7199997901917,1.3016453084680477,1,1772321214.8912587
PDA50B2,1300.7300000190735,1.3299355050190305,1,1772321214.8962588
PDA50B2,1300.7399997711182,1.3105271142193828,1,1772321214.9012587
PDA50B2,1300.75,1.2963820162324267,1,1772321214.9062588
PDA50B2,1300.7599997520447,1.3197378758770446,1,1772321214.9112587
PDA50B2,1300.7699999809265,1.3029611315340972,1,1772321214.9162588
PDA50B2,1300.7799997329712,1.3292775934562817,1,1772321214.9212587
PDA50B2,1300.789999961853,1.3085533795967108,1,1772321214.9262588
PDA50B2,1300.7999997138977,1.2921055913246327,1,1772321214.9312587
PDA50B2,1300.8099999427795,1.3194089201011392,1,1772321214.9362588
PDA50B2,1300.8199996948242,1.300987396936095,1,1772321214.9412587
PDA50B2,1300.829999923706,1.3302644608006742,1,1772321214.9462588
PDA50B2,1300.8399996757507,1.3098692026777767,1,1772321214.9512587
PDA50B2,1300.8499999046326,1.2924345470857002,1,1772321214.9562588
PDA50B2,1300.8599996566772,1.3210536989824584,1,1772321214.9612586
PDA50B2,1300.869999885559,1.301974264234292,1,1772321214.9662588
PDA50B2,1300.8799996376038,1.3309223723644998,1,1772321214.9712586
PDA50B2,1300.8899998664856,1.3098692026777767,1,1772321214.9762588
PDA50B2,1300.8999996185303,1.2947372374181678,1,1772321214.9812586
PDA50B2,1300.909999847412,1.3207247432058362,1,1772321214.9862587
PDA50B2,1300.9199995994568,1.3036190430681942,1,1772321214.9912586
PDA50B2,1300.9299998283386,1.3322381954943054,1,1772321214.9962587
PDA50B2,1300.9399995803833,1.3105271142193828,1,1772321215.0012586
PDA50B2,1300.9499998092651,1.2953951489433362,1,1772321215.0062587
PDA50B2,1300.9599995613098,1.319079964325413,1,1772321215.0112586
PDA50B2,1300.9699997901917,1.3032900873010564,1,1772321215.0162587
PDA50B2,1300.9799995422363,1.3315802839290436,1,1772321215.0212586
PDA50B2,1300.9899997711182,1.311513981533134,1,1772321215.0262587
PDA50B2,1301.0,1.2970399277593796,1,1772321215.0312588
PDA50B2,1301.0100002288818,1.3226984778682578,1,1772321215.036259
PDA50B2,1301.0199999809265,1.3016453084680477,1,1772321215.0412588
PDA50B2,1301.0300002098083,1.3305934165824973,1,1772321215.046259
PDA50B2,1301.039999961853,1.3101981584484903,1,1772321215.0512588
PDA50B2,1301.0500001907349,1.2967109719958139,1,1772321215.056259
PDA50B2,1301.0599999427795,1.3200668316531294,1,1772321215.0612588
PDA50B2,1301.0700001716614,1.3046059103706797,1,1772321215.066259
PDA50B2,1301.079999923706,1.3332250628435447,1,1772321215.0712588
PDA50B2,1301.090000152588,1.3125008488484955,1,1772321215.076259
PDA50B2,1301.0999999046326,1.2950661931806629,1,1772321215.0812588
PDA50B2,1301.1100001335144,1.3217116105362403,1,1772321215.086259
PDA50B2,1301.119999885559,1.3036190430681942,1,1772321215.0912588
PDA50B2,1301.130000114441,1.331909239711585,1,1772321215.0962589
PDA50B2,1301.1399998664856,1.3105271142193828,1,1772321215.1012588
PDA50B2,1301.1500000953674,1.293750370131754,1,1772321215.1062589
PDA50B2,1301.159999847412,1.3213826547592598,1,1772321215.1112587
PDA50B2,1301.170000076294,1.304276954603006,1,1772321215.1162589
PDA50B2,1301.1799998283386,1.3332250628435447,1,1772321215.1212587
PDA50B2,1301.1900000572205,1.3118429373047422,1,1772321215.1262589
PDA50B2,1301.1999998092651,1.2957241047061878,1,1772321215.1312587
PDA50B2,1301.210000038147,1.3213826547592598,1,1772321215.1362588
PDA50B2,1301.2199997901917,1.301974264234292,1,1772321215.1412587
PDA50B2,1301.2300000190735,1.331251328146682,1,1772321215.1462588
PDA50B2,1301.2399997711182,1.3121718930765294,1,1772321215.1512587
PDA50B2,1301.25,1.2993426181093386,1,1772321215.1562588
PDA50B2,1301.2599997520447,1.3223695220907392,1,1772321215.1612587
PDA50B2,1301.2699999809265,1.3046059103706797,1,1772321215.1662588
PDA50B2,1301.2799997329712,1.3335540186269836,1,1772321215.1712587
PDA50B2,1301.289999961853,1.3118429373047422,1,1772321215.1762588
PDA50B2,1301.2999997138977,1.293750370131754,1,1772321215.1812587
PDA50B2,1301.3099999427795,1.3210536989824584,1,1772321215.1862588
PDA50B2,1301.3199996948242,1.3032900873010564,1,1772321215.1912587
PDA50B2,1301.329999923706,1.331909239711585,1,1772321215.1962588
PDA50B2,1301.340000152588,1.311513981533134,1,1772321215.201259
PDA50B2,1301.3499999046326,1.2973688835231239,1,1772321215.2062588
PDA50B2,1301.3600001335144,1.320395787429393,1,1772321215.211259
PDA50B2,1301.369999885559,1.3036190430681942,1,1772321215.2162588
PDA50B2,1301.380000114441,1.3322381954943054,1,1772321215.2212589
PDA50B2,1301.3899998664856,1.3125008488484955,1,1772321215.2262588
PDA50B2,1301.4000000953674,1.2967109719958139,1,1772321215.2312589
PDA50B2,1301.409999847412,1.3220405663134003,1,1772321215.2362587
PDA50B2,1301.420000076294,1.3032900873010564,1,1772321215.2412589
PDA50B2,1301.4299998283386,1.331909239711585,1,1772321215.2462587
PDA50B2,1301.4400000572205,1.311513981533134,1,1772321215.2512589
PDA50B2,1301.4499998092651,1.2944082816558518,1,1772321215.2562587
PDA50B2,1301.460000038147,1.320395787429393,1,1772321215.2612588
PDA50B2,1301.4699997901917,1.302632175767317,1,1772321215.2662587
PDA50B2,1301.4800000190735,1.3309223723644998,1,1772321215.2712588
PDA50B2,1301.4899997711182,1.3108560699904543,1,1772321215.2762587
PDA50B2,1301.5,1.2983557508154278,1,1772321215.2812588
PDA50B2,1301.5099997520447,1.3226984778682578,1,1772321215.2862587
PDA50B2,1301.5199999809265,1.304276954603006,1,1772321215.2912588
PDA50B2,1301.5299997329712,1.3332250628435447,1,1772321215.2962587
PDA50B2,1301.539999961853,1.3118429373047422,1,1772321215.3012588
PDA50B2,1301.5499997138977,1.2957241047061878,1,1772321215.3062587
PDA50B2,1301.5599999427795,1.3213826547592598,1,1772321215.3112588
PDA50B2,1301.5699996948242,1.3049348661385325,1,1772321215.3162587
PDA50B2,1301.579999923706,1.331909239711585,1,1772321215.3212588
PDA50B2,1301.5899996757507,1.3121718930765294,1,1772321215.3262587
PDA50B2,1301.5999999046326,1.296053060469218,1,1772321215.3312588
PDA50B2,1301.6099996566772,1.3223695220907392,1,1772321215.3362586
PDA50B2,1301.619999885559,1.304276954603006,1,1772321215.3412588
PDA50B2,1301.6299996376038,1.3335540186269836,1,1772321215.3462586
PDA50B2,1301.6399998664856,1.3121718930765294,1,1772321215.3512588
PDA50B2,1301.6499996185303,1.2973688835231239,1,1772321215.3562586
PDA50B2,1301.659999847412,1.3226984778682578,1,1772321215.3612587
PDA50B2,1301.670000076294,1.305592777674774,1,1772321215.3662589
PDA50B2,1301.6799998283386,1.3342119301944,1,1772321215.3712587
PDA50B2,1301.6900000572205,1.3118429373047422,1,1772321215.3762589
PDA50B2,1301.6999998092651,1.2950661931806629,1,1772321215.3812587
PDA50B2,1301.710000038147,1.3223695220907392,1,1772321215.3862588
PDA50B2,1301.7199997901917,1.3046059103706797,1,1772321215.3912587
PDA50B2,1301.7300000190735,1.3335540186269836,1,1772321215.3962588
PDA50B2,1301.7399997711182,1.3128298046206408,1,1772321215.4012587
PDA50B2,1301.75,1.299013662344523,1,1772321215.4062588
PDA50B2,1301.7599997520447,1.325001168315906,1,1772321215.4112587
PDA50B2,1301.7699999809265,1.3072375565185061,1,1772321215.4162588
PDA50B2,1301.7799997329712,1.336514620686015,1,1772321215.4212587
PDA50B2,1301.789999961853,1.3138166719381499,1,1772321215.4262588
PDA50B2,1301.7999997138977,1.298684706579886,1,1772321215.4312587
PDA50B2,1301.8099999427795,1.3240143009801237,1,1772321215.4362588
PDA50B2,1301.8199996948242,1.3069086007494024,1,1772321215.4412587
PDA50B2,1301.829999923706,1.3348698417625349,1,1772321215.4462588
PDA50B2,1301.8399996757507,1.31480353925727,1,1772321215.4512587
PDA50B2,1301.8499999046326,1.3000005296395052,1,1772321215.4562588
PDA50B2,1301.8599996566772,1.3253301240948587,1,1772321215.4612586
PDA50B2,1301.869999885559,1.3075665122877893,1,1772321215.4662588
PDA50B2,1301.8799996376038,1.3378304438280333,1,1772321215.4712586
PDA50B2,1301.8899998664856,1.3157904065780015,1,1772321215.4762588
PDA50B2,1301.8999996185303,1.2973688835231239,1,1772321215.4812586
PDA50B2,1301.909999847412,1.3243432567585385,1,1772321215.4862587
PDA50B2,1301.9199995994568,1.307895468057251,1,1772321215.4912586
PDA50B2,1301.9299998283386,1.336514620686015,1,1772321215.4962587
PDA50B2,1301.9399995803833,1.3154614508042453,1,1772321215.5012586
PDA50B2,1301.9499998092651,1.298684706579886,1,1772321215.5062587
PDA50B2,1301.9599995613098,1.3266459472124628,1,1772321215.5112586
PDA50B2,1301.9699997901917,1.3082244238268914,1,1772321215.5162587
PDA50B2,1301.9799995422363,1.3371725322566648,1,1772321215.5212586
PDA50B2,1301.9899997711182,1.3151324950306682,1,1772321215.5262587
PDA50B2,1302.0,1.2996715738743325,1,1772321215.5312588
PDA50B2,1302.0100002288818,1.325988035653302,1,1772321215.536259
PDA50B2,1302.0199999809265,1.308882335366709,1,1772321215.5412588
PDA50B2,1302.0300002098083,1.3378304438280333,1,1772321215.546259
PDA50B2,1302.039999961853,1.3157904065780015,1,1772321215.5512588
PDA50B2,1302.0500001907349,1.3003294854048566,1,1772321215.556259
PDA50B2,1302.0599999427795,1.3253301240948587,1,1772321215.5612588
PDA50B2,1302.0700001716614,1.3075665122877893,1,1772321215.566259
PDA50B2,1302.079999923706,1.336514620686015,1,1772321215.5712588
PDA50B2,1302.090000152588,1.3171062296748166,1,1772321215.576259
PDA50B2,1302.0999999046326,1.3023032200007152,1,1772321215.5812588
PDA50B2,1302.1100001335144,1.327961770332937,1,1772321215.586259
PDA50B2,1302.119999885559,1.3101981584484903,1,1772321215.5912588
PDA50B2,1302.130000114441,1.3381593996139869,1,1772321215.5962589
PDA50B2,1302.1399998664856,1.3167772739003443,1,1772321215.6012588
PDA50B2,1302.1500000953674,1.2983557508154278,1,1772321215.6062589
PDA50B2,1302.159999847412,1.3263169914327928,1,1772321215.6112587
PDA50B2,1302.170000076294,1.3082244238268914,1,1772321215.6162589
PDA50B2,1302.1799998283386,1.3371725322566648,1,1772321215.6212587
PDA50B2,1302.1900000572205,1.3180930969993088,1,1772321215.6262589
PDA50B2,1302.1999998092651,1.3006584411703863,1,1772321215.6312587
PDA50B2,1302.210000038147,1.325988035653302,1,1772321215.6362588
PDA50B2,1302.2199997901917,1.307895468057251,1,1772321215.6412587
PDA50B2,1302.2300000190735,1.3361856649009598,1,1772321215.6462588
PDA50B2,1302.2399997711182,1.3171062296748166,1,1772321215.6512587
PDA50B2,1302.25,1.3032900873010564,1,1772321215.6562588
PDA50B2,1302.2599997520447,1.3286196818942504,1,1772321215.6612587
PDA50B2,1302.2699999809265,1.3111850257617048,1,1772321215.6662588
PDA50B2,1302.2799997329712,1.3388173111864334,1,1772321215.6712587
PDA50B2,1302.289999961853,1.3177641412242989,1,1772321215.6762588
PDA50B2,1302.2999997138977,1.301974264234292,1,1772321215.6812587
PDA50B2,1302.3099999427795,1.3263169914327928,1,1772321215.6862588
PDA50B2,1302.3199996948242,1.309211291136886,1,1772321215.6912587
PDA50B2,1302.329999923706,1.3388173111864334,1,1772321215.6962588
PDA50B2,1302.340000152588,1.3177641412242989,1,1772321215.701259
PDA50B2,1302.3499999046326,1.300987396936095,1,1772321215.7062588
PDA50B2,1302.3600001335144,1.3273038587723411,1,1772321215.711259
PDA50B2,1302.369999885559,1.309211291136886,1,1772321215.7162588
PDA50B2,1302.380000114441,1.3378304438280333,1,1772321215.7212589
PDA50B2,1302.3899998664856,1.3157904065780015,1,1772321215.7262588
PDA50B2,1302.4000000953674,1.301316352701982,1,1772321215.7312589
PDA50B2,1302.409999847412,1.3276328145525493,1,1772321215.7362587
PDA50B2,1302.420000076294,1.309540246907242,1,1772321215.7412589
PDA50B2,1302.4299998283386,1.3381593996139869,1,1772321215.7462587
PDA50B2,1302.4400000572205,1.316448318126051,1,1772321215.7512589
PDA50B2,1302.4499998092651,1.2993426181093386,1,1772321215.7562587
PDA50B2,1302.460000038147,1.325988035653302,1,1772321215.7612588
PDA50B2,1302.4699997901917,1.308882335366709,1,1772321215.7662587
PDA50B2,1302.4800000190735,1.3388173111864334,1,1772321215.7712588
PDA50B2,1302.4899997711182,1.3184220527744976,1,1772321215.7762587
PDA50B2,1302.5,1.3003294854048566,1,1772321215.7812588
PDA50B2,1302.5099997520447,1.3276328145525493,1,1772321215.7862587
PDA50B2,1302.5199999809265,1.3098692026777767,1,1772321215.7912588
PDA50B2,1302.5299997329712,1.33684357647125,1,1772321215.7962587
PDA50B2,1302.539999961853,1.3177641412242989,1,1772321215.8012588
PDA50B2,1302.5499997138977,1.304276954603006,1,1772321215.8062587
PDA50B2,1302.5599999427795,1.3273038587723411,1,1772321215.8112588
PDA50B2,1302.5699996948242,1.3098692026777767,1,1772321215.8162587
PDA50B2,1302.579999923706,1.3384883554001203,1,1772321215.8212588
PDA50B2,1302.5899996757507,1.3177641412242989,1,1772321215.8262587
PDA50B2,1302.5999999046326,1.3032900873010564,1,1772321215.8312588
PDA50B2,1302.6099996566772,1.3273038587723411,1,1772321215.8362586
PDA50B2,1302.619999885559,1.3085533795967108,1,1772321215.8412588
PDA50B2,1302.6299996376038,1.3371725322566648,1,1772321215.8462586
PDA50B2,1302.6399998664856,1.3174351854494684,1,1772321215.8512588
PDA50B2,1302.6499996185303,1.302632175767317,1,1772321215.8562586
PDA50B2,1302.659999847412,1.3273038587723411,1,1772321215.8612587
PDA50B2,1302.670000076294,1.3101981584484903,1,1772321215.8662589
PDA50B2,1302.6799998283386,1.3391462669729264,1,1772321215.8712587
PDA50B2,1302.6900000572205,1.3177641412242989,1,1772321215.8762589
PDA50B2,1302.6999998092651,1.3032900873010564,1,1772321215.8812587
PDA50B2,1302.710000038147,1.3266459472124628,1,1772321215.8862588
PDA50B2,1302.7199997901917,1.309540246907242,1,1772321215.8912587
PDA50B2,1302.7300000190735,1.3381593996139869,1,1772321215.8962588
PDA50B2,1302.7399997711182,1.3177641412242989,1,1772321215.9012587
PDA50B2,1302.75,1.302632175767317,1,1772321215.9062588
PDA50B2,1302.7599997520447,1.3276328145525493,1,1772321215.9112587
PDA50B2,1302.7699999809265,1.307895468057251,1,1772321215.9162588
PDA50B2,1302.7799997329712,1.336514620686015,1,1772321215.9212587
PDA50B2,1302.789999961853,1.31480353925727,1,1772321215.9262588
PDA50B2,1302.7999997138977,1.2983557508154278,1,1772321215.9312587
PDA50B2,1302.8099999427795,1.325988035653302,1,1772321215.9362588
PDA50B2,1302.8199996948242,1.3098692026777767,1,1772321215.9412587
PDA50B2,1302.829999923706,1.3371725322566648,1,1772321215.9462588
PDA50B2,1302.8399996757507,1.3184220527744976,1,1772321215.9512587
PDA50B2,1302.8499999046326,1.302632175767317,1,1772321215.9562588
PDA50B2,1302.8599996566772,1.3276328145525493,1,1772321215.9612586
PDA50B2,1302.869999885559,1.309211291136886,1,1772321215.9662588
PDA50B2,1302.8799996376038,1.3384883554001203,1,1772321215.9712586
PDA50B2,1302.8899998664856,1.316448318126051,1,1772321215.9762588
PDA50B2,1302.8999996185303,1.299013662344523,1,1772321215.9812586
PDA50B2,1302.909999847412,1.3269749029923124,1,1772321215.9862587
PDA50B2,1302.9199995994568,1.3098692026777767,1,1772321215.9912586
PDA50B2,1302.9299998283386,1.336514620686015,1,1772321215.9962587
PDA50B2,1302.9399995803833,1.3177641412242989,1,1772321216.0012586
PDA50B2,1302.9499998092651,1.298684706579886,1,1772321216.0062587
PDA50B2,1302.9599995613098,1.3256590798739907,1,1772321216.0112586
PDA50B2,1302.9699997901917,1.3085533795967108,1,1772321216.0162587
PDA50B2,1302.9799995422363,1.3384883554001203,1,1772321216.0212586
PDA50B2,1302.9899997711182,1.3174351854494684,1,1772321216.0262587
PDA50B2,1303.0,1.300987396936095,1,1772321216.0312588
PDA50B2,1303.0100002288818,1.3273038587723411,1,1772321216.036259
PDA50B2,1303.0199999809265,1.308882335366709,1,1772321216.0412588
PDA50B2,1303.0300002098083,1.3378304438280333,1,1772321216.046259
PDA50B2,1303.039999961853,1.3167772739003443,1,1772321216.0512588
PDA50B2,1303.0500001907349,1.2996715738743325,1,1772321216.056259
PDA50B2,1303.0599999427795,1.3263169914327928,1,1772321216.0612588
PDA50B2,1303.0700001716614,1.309540246907242,1,1772321216.066259
PDA50B2,1303.079999923706,1.3384883554001203,1,1772321216.0712588
PDA50B2,1303.090000152588,1.3177641412242989,1,1772321216.076259
PDA50B2,1303.0999999046326,1.3032900873010564,1,1772321216.0812588
PDA50B2,1303.1100001335144,1.328290726113504,1,1772321216.086259
PDA50B2,1303.119999885559,1.309211291136886,1,1772321216.0912588
PDA50B2,1303.130000114441,1.3384883554001203,1,1772321216.0962589
PDA50B2,1303.1399998664856,1.3177641412242989,1,1772321216.1012588
PDA50B2,1303.1500000953674,1.299013662344523,1,1772321216.1062589
PDA50B2,1303.159999847412,1.3263169914327928,1,1772321216.1112587
PDA50B2,1303.170000076294,1.309211291136886,1,1772321216.1162589
PDA50B2,1303.1799998283386,1.337501488042259,1,1772321216.1212587
PDA50B2,1303.1900000572205,1.3171062296748166,1,1772321216.1262589
PDA50B2,1303.1999998092651,1.3000005296395052,1,1772321216.1312587
PDA50B2,1303.210000038147,1.3276328145525493,1,1772321216.1362588
PDA50B2,1303.2199997901917,1.309211291136886,1,1772321216.1412587
PDA50B2,1303.2300000190735,1.33684357647125,1,1772321216.1462588
PDA50B2,1303.2399997711182,1.3174351854494684,1,1772321216.1512587
PDA50B2,1303.25,1.3036190430681942,1,1772321216.1562588
PDA50B2,1303.2599997520447,1.3273038587723411,1,1772321216.1612587
PDA50B2,1303.2699999809265,1.3098692026777767,1,1772321216.1662588
PDA50B2,1303.2799997329712,1.3381593996139869,1,1772321216.1712587
PDA50B2,1303.289999961853,1.3171062296748166,1,1772321216.1762588
PDA50B2,1303.2999997138977,1.300987396936095,1,1772321216.1812587
PDA50B2,1303.3099999427795,1.3269749029923124,1,1772321216.1862588
PDA50B2,1303.3199996948242,1.309211291136886,1,1772321216.1912587
PDA50B2,1303.329999923706,1.3378304438280333,1,1772321216.1962588
PDA50B2,1303.340000152588,1.3177641412242989,1,1772321216.201259
PDA50B2,1303.3499999046326,1.3023032200007152,1,1772321216.2062588
PDA50B2,1303.3600001335144,1.3263169914327928,1,1772321216.211259
PDA50B2,1303.369999885559,1.3085533795967108,1,1772321216.2162588
PDA50B2,1303.380000114441,1.3371725322566648,1,1772321216.2212589
PDA50B2,1303.3899998664856,1.3174351854494684,1,1772321216.2262588
PDA50B2,1303.4000000953674,1.301316352701982,1,1772321216.2312589
PDA50B2,1303.409999847412,1.328290726113504,1,1772321216.2362587
PDA50B2,1303.420000076294,1.3101981584484903,1,1772321216.2412589
PDA50B2,1303.4299998283386,1.3384883554001203,1,1772321216.2462587
PDA50B2,1303.4400000572205,1.3171062296748166,1,1772321216.2512589
PDA50B2,1303.4499998092651,1.2996715738743325,1,1772321216.2562587
PDA50B2,1303.460000038147,1.325988035653302,1,1772321216.2612588
PDA50B2,1303.4699997901917,1.3085533795967108,1,1772321216.2662587
PDA50B2,1303.4800000190735,1.3371725322566648,1,1772321216.2712588
PDA50B2,1303.4899997711182,1.316448318126051,1,1772321216.2762587
PDA50B2,1303.5,1.3023032200007152,1,1772321216.2812588
PDA50B2,1303.5099997520447,1.3273038587723411,1,1772321216.2862587
PDA50B2,1303.5199999809265,1.308882335366709,1,1772321216.2912588
PDA50B2,1303.5299997329712,1.3371725322566648,1,1772321216.2962587
PDA50B2,1303.539999961853,1.3171062296748166,1,1772321216.3012588
PDA50B2,1303.5499997138977,1.302632175767317,1,1772321216.3062587
PDA50B2,1303.5599999427795,1.3273038587723411,1,1772321216.3112588
PDA50B2,1303.5699996948242,1.3085533795967108,1,1772321216.3162587
PDA50B2,1303.579999923706,1.3394752227595987,1,1772321216.3212588
PDA50B2,1303.5899996757507,1.3177641412242989,1,1772321216.3262587
PDA50B2,1303.5999999046326,1.301974264234292,1,1772321216.3312588
PDA50B2,1303.6099996566772,1.3276328145525493,1,1772321216.3362586
PDA50B2,1303.619999885559,1.3085533795967108,1,1772321216.3412588
PDA50B2,1303.6299996376038,1.33684357647125,1,1772321216.3462586
PDA50B2,1303.6399998664856,1.3157904065780015,1,1772321216.3512588
PDA50B2,1303.6499996185303,1.301316352701982,1,1772321216.3562586
PDA50B2,1303.659999847412,1.3269749029923124,1,1772321216.3612587
PDA50B2,1303.670000076294,1.309211291136886,1,1772321216.3662589
PDA50B2,1303.6799998283386,1.3378304438280333,1,1772321216.3712587
PDA50B2,1303.6900000572205,1.3161193623519367,1,1772321216.3762589
PDA50B2,1303.6999998092651,1.300987396936095,1,1772321216.3812587
PDA50B2,1303.710000038147,1.325001168315906,1,1772321216.3862588
PDA50B2,1303.7199997901917,1.3085533795967108,1,1772321216.3912587
PDA50B2,1303.7300000190735,1.3361856649009598,1,1772321216.3962588
PDA50B2,1303.7399997711182,1.3177641412242989,1,1772321216.4012587
PDA50B2,1303.75,1.3023032200007152,1,1772321216.4062588
PDA50B2,1303.7599997520447,1.3273038587723411,1,1772321216.4112587
PDA50B2,1303.7699999809265,1.309540246907242,1,1772321216.4162588
PDA50B2,1303.7799997329712,1.3384883554001203,1,1772321216.4212587
PDA50B2,1303.789999961853,1.3157904065780015,1,1772321216.4262588
PDA50B2,1303.7999997138977,1.302632175767317,1,1772321216.4312587
PDA50B2,1303.8099999427795,1.3269749029923124,1,1772321216.4362588
PDA50B2,1303.8199996948242,1.309540246907242,1,1772321216.4412587
PDA50B2,1303.829999923706,1.3378304438280333,1,1772321216.4462588
PDA50B2,1303.8399996757507,1.3184220527744976,1,1772321216.4512587
PDA50B2,1303.8499999046326,1.300987396936095,1,1772321216.4562588
PDA50B2,1303.8599996566772,1.3269749029923124,1,1772321216.4612586
PDA50B2,1303.869999885559,1.3085533795967108,1,1772321216.4662588
PDA50B2,1303.8799996376038,1.337501488042259,1,1772321216.4712586
PDA50B2,1303.8899998664856,1.3171062296748166,1,1772321216.4762588
PDA50B2,1303.8999996185303,1.301974264234292,1,1772321216.4812586
PDA50B2,1303.909999847412,1.327961770332937,1,1772321216.4862587
PDA50B2,1303.9199995994568,1.309211291136886,1,1772321216.4912586
PDA50B2,1303.9299998283386,1.337501488042259,1,1772321216.4962587
PDA50B2,1303.9399995803833,1.3167772739003443,1,1772321216.5012586
PDA50B2,1303.9499998092651,1.300987396936095,1,1772321216.5062587
PDA50B2,1303.9599995613098,1.3276328145525493,1,1772321216.5112586
PDA50B2,1303.9699997901917,1.3082244238268914,1,1772321216.5162587
PDA50B2,1303.9799995422363,1.337501488042259,1,1772321216.5212586
PDA50B2,1303.9899997711182,1.3167772739003443,1,1772321216.5262587
PDA50B2,1304.0,1.301316352701982,1,1772321216.5312588
PDA50B2,1304.0100002288818,1.3273038587723411,1,1772321216.536259
PDA50B2,1304.0199999809265,1.3085533795967108,1,1772321216.5412588
PDA50B2,1304.0300002098083,1.3381593996139869,1,1772321216.546259
PDA50B2,1304.039999961853,1.3177641412242989,1,1772321216.5512588
PDA50B2,1304.0500001907349,1.3006584411703863,1,1772321216.556259
PDA50B2,1304.0599999427795,1.327961770332937,1,1772321216.5612588
PDA50B2,1304.0700001716614,1.3101981584484903,1,1772321216.566259
PDA50B2,1304.079999923706,1.3391462669729264,1,1772321216.5712588
PDA50B2,1304.090000152588,1.3174351854494684,1,1772321216.576259
PDA50B2,1304.0999999046326,1.3039479988355105,1,1772321216.5812588
PDA50B2,1304.1100001335144,1.327961770332937,1,1772321216.586259
PDA50B2,1304.119999885559,1.3085533795967108,1,1772321216.5912588
PDA50B2,1304.130000114441,1.337501488042259,1,1772321216.5962589
PDA50B2,1304.1399998664856,1.3180930969993088,1,1772321216.6012588
PDA50B2,1304.1500000953674,1.302632175767317,1,1772321216.6062589
PDA50B2,1304.159999847412,1.327961770332937,1,1772321216.6112587
PDA50B2,1304.170000076294,1.311513981533134,1,1772321216.6162589
PDA50B2,1304.1799998283386,1.3391462669729264,1,1772321216.6212587
PDA50B2,1304.1900000572205,1.3177641412242989,1,1772321216.6262589
PDA50B2,1304.1999998092651,1.301316352701982,1,1772321216.6312587
PDA50B2,1304.210000038147,1.3276328145525493,1,1772321216.6362588
PDA50B2,1304.2199997901917,1.309540246907242,1,1772321216.6412587
PDA50B2,1304.2300000190735,1.3378304438280333,1,1772321216.6462588
PDA50B2,1304.2399997711182,1.3177641412242989,1,1772321216.6512587
PDA50B2,1304.25,1.3003294854048566,1,1772321216.6562588
PDA50B2,1304.2599997520447,1.3292775934562817,1,1772321216.6612587
PDA50B2,1304.2699999809265,1.3121718930765294,1,1772321216.6662588
PDA50B2,1304.2799997329712,1.3398041785464512,1,1772321216.6712587
PDA50B2,1304.289999961853,1.3177641412242989,1,1772321216.6762588
PDA50B2,1304.2999997138977,1.3003294854048566,1,1772321216.6812587
PDA50B2,1304.3099999427795,1.3273038587723411,1,1772321216.6862588
PDA50B2,1304.3199996948242,1.309211291136886,1,1772321216.6912587
PDA50B2,1304.329999923706,1.3391462669729264,1,1772321216.6962588
PDA50B2,1304.340000152588,1.319079964325413,1,1772321216.701259
PDA50B2,1304.3499999046326,1.3032900873010564,1,1772321216.7062588
PDA50B2,1304.3600001335144,1.3296065492375662,1,1772321216.711259
PDA50B2,1304.369999885559,1.3111850257617048,1,1772321216.7162588
PDA50B2,1304.380000114441,1.3371725322566648,1,1772321216.7212589
PDA50B2,1304.3899998664856,1.3180930969993088,1,1772321216.7262588
PDA50B2,1304.4000000953674,1.302632175767317,1,1772321216.7312589
PDA50B2,1304.409999847412,1.3292775934562817,1,1772321216.7362587
PDA50B2,1304.420000076294,1.3098692026777767,1,1772321216.7412589
PDA50B2,1304.4299998283386,1.33684357647125,1,1772321216.7462587
PDA50B2,1304.4400000572205,1.3177641412242989,1,1772321216.7512589
PDA50B2,1304.4499998092651,1.3046059103706797,1,1772321216.7562587
PDA50B2,1304.460000038147,1.327961770332937,1,1772321216.7612588
PDA50B2,1304.4699997901917,1.3098692026777767,1,1772321216.7662587
PDA50B2,1304.4800000190735,1.3378304438280333,1,1772321216.7712588
PDA50B2,1304.4899997711182,1.3197378758770446,1,1772321216.7762587
PDA50B2,1304.5,1.305921733443163,1,1772321216.7812588
PDA50B2,1304.5099997520447,1.3296065492375662,1,1772321216.7862587
PDA50B2,1304.5199999809265,1.3098692026777767,1,1772321216.7912588
PDA50B2,1304.5299997329712,1.3378304438280333,1,1772321216.7962587
PDA50B2,1304.539999961853,1.3174351854494684,1,1772321216.8012588
PDA50B2,1304.5499997138977,1.2996715738743325,1,1772321216.8062587
PDA50B2,1304.5599999427795,1.3269749029923124,1,1772321216.8112588
PDA50B2,1304.5699996948242,1.3101981584484903,1,1772321216.8162587
PDA50B2,1304.579999923706,1.337501488042259,1,1772321216.8212588
PDA50B2,1304.5899996757507,1.3197378758770446,1,1772321216.8262587
PDA50B2,1304.5999999046326,1.3029611315340972,1,1772321216.8312588
PDA50B2,1304.6099996566772,1.3292775934562817,1,1772321216.8362586
PDA50B2,1304.619999885559,1.309540246907242,1,1772321216.8412588
PDA50B2,1304.6299996376038,1.335527753331388,1,1772321216.8462586
PDA50B2,1304.6399998664856,1.3177641412242989,1,1772321216.8512588
PDA50B2,1304.6499996185303,1.3039479988355105,1,1772321216.8562586
PDA50B2,1304.659999847412,1.328290726113504,1,1772321216.8612587
PDA50B2,1304.670000076294,1.3101981584484903,1,1772321216.8662589
PDA50B2,1304.6799998283386,1.337501488042259,1,1772321216.8712587
PDA50B2,1304.6900000572205,1.3177641412242989,1,1772321216.8762589
PDA50B2,1304.6999998092651,1.300987396936095,1,1772321216.8812587
PDA50B2,1304.710000038147,1.3266459472124628,1,1772321216.8862588
PDA50B2,1304.7199997901917,1.3098692026777767,1,1772321216.8912587
PDA50B2,1304.7300000190735,1.3378304438280333,1,1772321216.8962588
PDA50B2,1304.7399997711182,1.3194089201011392,1,1772321216.9012587
PDA50B2,1304.75,1.3016453084680477,1,1772321216.9062588
PDA50B2,1304.7599997520447,1.3292775934562817,1,1772321216.9112587
PDA50B2,1304.7699999809265,1.3108560699904543,1,1772321216.9162588
PDA50B2,1304.7799997329712,1.3378304438280333,1,1772321216.9212587
PDA50B2,1304.789999961853,1.3187510085498657,1,1772321216.9262588
PDA50B2,1304.7999997138977,1.3036190430681942,1,1772321216.9312587
PDA50B2,1304.8099999427795,1.327961770332937,1,1772321216.9362588
PDA50B2,1304.8199996948242,1.3101981584484903,1,1772321216.9412587
PDA50B2,1304.829999923706,1.33684357647125,1,1772321216.9462588
PDA50B2,1304.8399996757507,1.3187510085498657,1,1772321216.9512587
PDA50B2,1304.8499999046326,1.3016453084680477,1,1772321216.9562588
PDA50B2,1304.8599996566772,1.3289486376751762,1,1772321216.9612586
PDA50B2,1304.869999885559,1.3105271142193828,1,1772321216.9662588
PDA50B2,1304.8799996376038,1.3371725322566648,1,1772321216.9712586
PDA50B2,1304.8899998664856,1.3194089201011392,1,1772321216.9762588
PDA50B2,1304.8999996185303,1.302632175767317,1,1772321216.9812586
PDA50B2,1304.909999847412,1.3286196818942504,1,1772321216.9862587
PDA50B2,1304.9199995994568,1.3101981584484903,1,1772321216.9912586
PDA50B2,1304.9299998283386,1.3361856649009598,1,1772321216.9962587
PDA50B2,1304.9399995803833,1.3184220527744976,1,1772321217.0012586
PDA50B2,1304.9499998092651,1.3016453084680477,1,1772321217.0062587
PDA50B2,1304.9599995613098,1.328290726113504,1,1772321217.0112586
PDA50B2,1304.9699997901917,1.3101981584484903,1,1772321217.0162587
PDA50B2,1304.9799995422363,1.33684357647125,1,1772321217.0212586
PDA50B2,1304.9899997711182,1.3180930969993088,1,1772321217.0262587
PDA50B2,1305.0,1.302632175767317,1,1772321217.0312588
PDA50B2,1305.0,1.3286196818942504,1,1772321217.036259
PDA50B2,1305.0,1.308882335366709,1,1772321217.0412588
PDA50B2,1305.0,1.3358567091160842,1,1772321217.046259
PDA50B2,1305.0,1.319079964325413,1,1772321217.0512588
PDA50B2,1305.0,1.3029611315340972,1,1772321217.056259
PDA50B2,1305.0,1.3292775934562817,1,1772321217.0612588
PDA50B2,1305.0,1.3105271142193828,1,1772321217.066259
PDA50B2,1305.0,1.3361856649009598,1,1772321217.0712588
PDA50B2,1305.0,1.3180930969993088,1,1772321217.076259
PDA50B2,1305.0,1.3006584411703863,1,1772321217.0812588
PDA50B2,1305.0,1.3289486376751762,1,1772321217.086259
PDA50B2,1305.0,1.3098692026777767,1,1772321217.0912588
PDA50B2,1305.0,1.3358567091160842,1,1772321217.0962589
PDA50B2,1305.0,1.319079964325413,1,1772321217.1012588
PDA50B2,1305.0,1.305592777674774,1,1772321217.1062589
PDA50B2,1305.0,1.3289486376751762,1,1772321217.1112587
PDA50B2,1305.0,1.309540246907242,1,1772321217.1162589
PDA50B2,1305.0,1.3351987975468718,1,1772321217.1212587
PDA50B2,1305.0,1.3171062296748166,1,1772321217.1262589
PDA50B2,1305.0,1.3006584411703863,1,1772321217.1312587
PDA50B2,1305.0,1.3276328145525493,1,1772321217.1362588
PDA50B2,1305.0,1.309540246907242,1,1772321217.1412587
PDA50B2,1305.0,1.3348698417625349,1,1772321217.1462588
PDA50B2,1305.0,1.319079964325413,1,1772321217.1512587
PDA50B2,1305.0,1.302632175767317,1,1772321217.1562588
PDA50B2,1305.0,1.3292775934562817,1,1772321217.1612587
PDA50B2,1305.0,1.3121718930765294,1,1772321217.1662588
PDA50B2,1305.0,1.3335540186269836,1,1772321217.1712587
PDA50B2,1305.0,1.3171062296748166,1,1772321217.1762588
PDA50B2,1305.0,1.300987396936095,1,1772321217.1812587
PDA50B2,1305.0,1.327961770332937,1,1772321217.1862588
PDA50B2,1305.0,1.3105271142193828,1,1772321217.1912587
PDA50B2,1305.0,1.336514620686015,1,1772321217.1962588
PDA50B2,1305.0,1.3197378758770446,1,1772321217.201259
PDA50B2,1305.0,1.3049348661385325,1,1772321217.2062588
PDA50B2,1305.0,1.3276328145525493,1,1772321217.211259
PDA50B2,1305.0,1.308882335366709,1,1772321217.2162588
PDA50B2,1305.0,1.3332250628435447,1,1772321217.2212589
PDA50B2,1305.0,1.3184220527744976,1,1772321217.2262588
PDA50B2,1305.0,1.3036190430681942,1,1772321217.2312589
PDA50B2,1305.0,1.3292775934562817,1,1772321217.2362587
PDA50B2,1305.0,1.3101981584484903,1,1772321217.2412589
PDA50B2,1305.0,1.335527753331388,1,1772321217.2462587
PDA50B2,1305.0,1.3187510085498657,1,1772321217.2512589
PDA50B2,1305.0,1.298026795051148,1,1772321217.2562587
PDA50B2,1305.0,1.328290726113504,1,1772321217.2612588
PDA50B2,1305.0,1.308882335366709,1,1772321217.2662587
PDA50B2,1305.0,1.3335540186269836,1,1772321217.2712588
PDA50B2,1305.0,1.3177641412242989,1,1772321217.2762587
PDA50B2,1305.0,1.3023032200007152,1,1772321217.2812588
PDA50B2,1305.0,1.3289486376751762,1,1772321217.2862587
PDA50B2,1305.0,1.3101981584484903,1,1772321217.2912588
PDA50B2,1305.0,1.3325671512772057,1,1772321217.2962587
PDA50B2,1305.0,1.3171062296748166,1,1772321217.3012588
PDA50B2,1305.0,1.3000005296395052,1,1772321217.3062587
PDA50B2,1305.0,1.328290726113504,1,1772321217.3112588
PDA50B2,1305.0,1.3105271142193828,1,1772321217.3162587
PDA50B2,1305.0,1.3332250628435447,1,1772321217.3212588
PDA50B2,1305.0,1.319079964325413,1,1772321217.3262587
PDA50B2,1305.0,1.3062506892117305,1,1772321217.3312588
PDA50B2,1305.0,1.328290726113504,1,1772321217.3362586
PDA50B2,1305.0,1.3082244238268914,1,1772321217.3412588
PDA50B2,1305.0,1.331909239711585,1,1772321217.3462586
PDA50B2,1305.0,1.3161193623519367,1,1772321217.3512588
PDA50B2,1305.0,1.300987396936095,1,1772321217.3562586
PDA50B2,1305.0,1.327961770332937,1,1772321217.3612587
PDA50B2,1305.0,1.3101981584484903,1,1772321217.3662589
PDA50B2,1305.0,1.3332250628435447,1,1772321217.3712587
PDA50B2,1305.0,1.3177641412242989,1,1772321217.3762589
PDA50B2,1305.0,1.3036190430681942,1,1772321217.3812587
PDA50B2,1305.0,1.3286196818942504,1,1772321217.3862588
PDA50B2,1305.0,1.3098692026777767,1,1772321217.3912587
PDA50B2,1305.0,1.3315802839290436,1,1772321217.3962588
PDA50B2,1305.0,1.3174351854494684,1,1772321217.4012587
PDA50B2,1305.0,1.3023032200007152,1,1772321217.4062588
PDA50B2,1305.0,1.327961770332937,1,1772321217.4112587
PDA50B2,1305.0,1.3098692026777767,1,1772321217.4162588
PDA50B2,1305.0,1.3309223723644998,1,1772321217.4212587
PDA50B2,1305.0,1.3177641412242989,1,1772321217.4262588
PDA50B2,1305.0,1.3029611315340972,1,1772321217.4312587
PDA50B2,1305.0,1.3276328145525493,1,1772321217.4362588
PDA50B2,1305.0,1.309540246907242,1,1772321217.4412587
PDA50B2,1305.0,1.3328961070602854,1,1772321217.4462588
PDA50B2,1305.0,1.3187510085498657,1,1772321217.4512587
PDA50B2,1305.0,1.3016453084680477,1,1772321217.4562588
PDA50B2,1305.0,1.3286196818942504,1,1772321217.4612586
PDA50B2,1305.0,1.308882335366709,1,1772321217.4662588
PDA50B2,1305.0,1.3305934165824973,1,1772321217.4712586
PDA50B2,1305.0,1.3177641412242989,1,1772321217.4762588
PDA50B2,1305.0,1.3032900873010564,1,1772321217.4812586
PDA50B2,1305.0,1.3286196818942504,1,1772321217.4862587
PDA50B2,1305.0,1.3082244238268914,1,1772321217.4912586
PDA50B2,1305.0,1.331909239711585,1,1772321217.4962587
PDA50B2,1305.0,1.3177641412242989,1,1772321217.5012586
PDA50B2,1305.0,1.3029611315340972,1,1772321217.5062587
PDA50B2,1305.0,1.3269749029923124,1,1772321217.5112586
PDA50B2,1305.0,1.3085533795967108,1,1772321217.5162587
PDA50B2,1305.0,1.3299355050190305,1,1772321217.5212586
PDA50B2,1305.0,1.3167772739003443,1,1772321217.5262587
PDA50B2,1305.0,1.3023032200007152,1,1772321217.5312588
PDA50B2,1305.0,1.3289486376751762,1,1772321217.536259
PDA50B2,1305.0,1.309540246907242,1,1772321217.5412588
PDA50B2,1305.0,1.3302644608006742,1,1772321217.546259
PDA50B2,1305.0,1.3174351854494684,1,1772321217.5512588
PDA50B2,1305.0,1.3016453084680477,1,1772321217.556259
PDA50B2,1305.0,1.3276328145525493,1,1772321217.5612588
PDA50B2,1305.0,1.3101981584484903,1,1772321217.566259
PDA50B2,1305.0,1.331909239711585,1,1772321217.5712588
PDA50B2,1305.0,1.3184220527744976,1,1772321217.576259
PDA50B2,1305.0,1.3029611315340972,1,1772321217.5812588
PDA50B2,1305.0,1.3273038587723411,1,1772321217.586259
PDA50B2,1305.0,1.3085533795967108,1,1772321217.5912588
PDA50B2,1305.0,1.328290726113504,1,1772321217.5962589
PDA50B2,1305.0,1.316448318126051,1,1772321217.6012588
PDA50B2,1305.0,1.3006584411703863,1,1772321217.6062589
PDA50B2,1305.0,1.328290726113504,1,1772321217.6112587
PDA50B2,1305.0,1.3101981584484903,1,1772321217.6162589
PDA50B2,1305.0,1.3299355050190305,1,1772321217.6212587
PDA50B2,1305.0,1.3180930969993088,1,1772321217.6262589
PDA50B2,1305.0,1.3016453084680477,1,1772321217.6312587
PDA50B2,1305.0,1.327961770332937,1,1772321217.6362588
PDA50B2,1305.0,1.309211291136886,1,1772321217.6412587
PDA50B2,1305.0,1.3289486376751762,1,1772321217.6462588
PDA50B2,1305.0,1.3174351854494684,1,1772321217.6512587
PDA50B2,1305.0,1.301316352701982,1,1772321217.6562588
PDA50B2,1305.0,1.3269749029923124,1,1772321217.6612587
PDA50B2,1305.0,1.3082244238268914,1,1772321217.6662588
PDA50B2,1305.0,1.327961770332937,1,1772321217.6712587
PDA50B2,1305.0,1.3171062296748166,1,1772321217.6762588
PDA50B2,1305.0,1.300987396936095,1,1772321217.6812587
PDA50B2,1305.0,1.3276328145525493,1,1772321217.6862588
PDA50B2,1305.0,1.309211291136886,1,1772321217.6912587
PDA50B2,1305.0,1.3286196818942504,1,1772321217.6962588
PDA50B2,1305.0,1.3180930969993088,1,1772321217.701259
PDA50B2,1305.0,1.3006584411703863,1,1772321217.7062588
PDA50B2,1305.0,1.3286196818942504,1,1772321217.711259
PDA50B2,1305.0,1.309540246907242,1,1772321217.7162588
PDA50B2,1305.0,1.328290726113504,1,1772321217.7212589
PDA50B2,1305.0,1.3177641412242989,1,1772321217.7262588
PDA50B2,1305.0,1.301974264234292,1,1772321217.7312589
PDA50B2,1305.0,1.3269749029923124,1,1772321217.7362587
PDA50B2,1305.0,1.309540246907242,1,1772321217.7412589
PDA50B2,1305.0,1.3286196818942504,1,1772321217.7462587
PDA50B2,1305.0,1.3184220527744976,1,1772321217.7512589
PDA50B2,1305.0,1.3036190430681942,1,1772321217.7562587
PDA50B2,1305.0,1.3273038587723411,1,1772321217.7612588
PDA50B2,1305.0,1.3072375565185061,1,1772321217.7662587
PDA50B2,1305.0,1.3263169914327928,1,1772321217.7712588
PDA50B2,1305.0,1.3171062296748166,1,1772321217.7762587
PDA50B2,1305.0,1.301316352701982,1,1772321217.7812588
PDA50B2,1305.0,1.3273038587723411,1,1772321217.7862587
PDA50B2,1305.0,1.308882335366709,1,1772321217.7912588
PDA50B2,1305.0,1.3266459472124628,1,1772321217.7962587
PDA50B2,1305.0,1.3154614508042453,1,1772321217.8012588
PDA50B2,1305.0,1.3016453084680477,1,1772321217.8062587
PDA50B2,1305.0,1.3266459472124628,1,1772321217.8112588
PDA50B2,1305.0,1.3098692026777767,1,1772321217.8162587
PDA50B2,1305.0,1.3273038587723411,1,1772321217.8212588
PDA50B2,1305.0,1.3174351854494684,1,1772321217.8262587
PDA50B2,1305.0,1.3006584411703863,1,1772321217.8312588
PDA50B2,1305.0,1.3269749029923124,1,1772321217.8362586
PDA50B2,1305.0,1.3082244238268914,1,1772321217.8412588
PDA50B2,1305.0,1.327961770332937,1,1772321217.8462586
PDA50B2,1305.0,1.3184220527744976,1,1772321217.8512588
PDA50B2,1305.0,1.3039479988355105,1,1772321217.8562586
PDA50B2,1305.0,1.3296065492375662,1,1772321217.8612587
PDA50B2,1305.0,1.3098692026777767,1,1772321217.8662589
PDA50B2,1305.0,1.3266459472124628,1,1772321217.8712587
PDA50B2,1305.0,1.316448318126051,1,1772321217.8762589
PDA50B2,1305.0,1.299013662344523,1,1772321217.8812587
PDA50B2,1305.0,1.327961770332937,1,1772321217.8862588
PDA50B2,1305.0,1.3082244238268914,1,1772321217.8912587
PDA50B2,1305.0,1.3276328145525493,1,1772321217.8962588
PDA50B2,1305.0,1.3174351854494684,1,1772321217.9012587
PDA50B2,1305.0,1.3036190430681942,1,1772321217.9062588
PDA50B2,1305.0,1.328290726113504,1,1772321217.9112587
PDA50B2,1305.0,1.308882335366709,1,1772321217.9162588
PDA50B2,1305.0,1.3263169914327928,1,1772321217.9212587
PDA50B2,1305.0,1.3154614508042453,1,1772321217.9262588
PDA50B2,1305.0,1.3023032200007152,1,1772321217.9312587
PDA50B2,1305.0,1.3266459472124628,1,1772321217.9362588
PDA50B2,1305.0,1.308882335366709,1,1772321217.9412587
PDA50B2,1305.0,1.3273038587723411,1,1772321217.9462588
PDA50B2,1305.0,1.3184220527744976,1,1772321217.9512587
PDA50B2,1305.0,1.3003294854048566,1,1772321217.9562588
PDA50B2,1305.0,1.328290726113504,1,1772321217.9612586
PDA50B2,1305.0,1.307895468057251,1,1772321217.9662588
PDA50B2,1305.0,1.3246722125371326,1,1772321217.9712586
PDA50B2,1305.0,1.3171062296748166,1,1772321217.9762588
PDA50B2,1305.0,1.3039479988355105,1,1772321217.9812586
PDA50B2,1305.0,1.328290726113504,1,1772321217.9862587
PDA50B2,1305.0,1.3105271142193828,1,1772321217.9912586
PDA50B2,1305.0,1.3273038587723411,1,1772321217.9962587
PDA50B2,1305.0,1.3180930969993088,1,1772321218.0012586
PDA50B2,1305.0,1.2996715738743325,1,1772321218.0062587
PDA50B2,1305.0,1.3273038587723411,1,1772321218.0112586
PDA50B2,1305.0,1.308882335366709,1,1772321218.0162587
PDA50B2,1305.0,1.3240143009801237,1,1772321218.0212586
PDA50B2,1305.0,1.3167772739003443,1,1772321218.0262587
PDA50B2,1300.0,1.3003294854048566,2,1772321218.941194
PDA50B2,1300.0100002288818,1.3289486376751762,2,1772321218.9461942
PDA50B2,1300.0199999809265,1.309211291136886,2,1772321218.951194
PDA50B2,1300.0300002098083,1.325001168315906,2,1772321218.9561942
PDA50B2,1300.039999961853,1.3174351854494684,2,1772321218.961194
PDA50B2,1300.0500001907349,1.3003294854048566,2,1772321218.9661942
PDA50B2,1300.0599999427795,1.327961770332937,2,1772321218.971194
PDA50B2,1300.0700001716614,1.3101981584484903,2,1772321218.9761941
PDA50B2,1300.079999923706,1.325988035653302,2,1772321218.981194
PDA50B2,1300.090000152588,1.3187510085498657,2,1772321218.9861941
PDA50B2,1300.0999999046326,1.3023032200007152,2,1772321218.991194
PDA50B2,1300.1100001335144,1.327961770332937,2,1772321218.9961941
PDA50B2,1300.119999885559,1.3072375565185061,2,1772321219.001194
PDA50B2,1300.130000114441,1.3240143009801237,2,1772321219.006194
PDA50B2,1300.1399998664856,1.3167772739003443,2,1772321219.011194
PDA50B2,1300.1500000953674,1.302632175767317,2,1772321219.016194
PDA50B2,1300.159999847412,1.3292775934562817,2,1772321219.021194
PDA50B2,1300.170000076294,1.3108560699904543,2,1772321219.026194
PDA50B2,1300.1799998283386,1.3266459472124628,2,1772321219.031194
PDA50B2,1300.1900000572205,1.319079964325413,2,1772321219.036194
PDA50B2,1300.1999998092651,1.301974264234292,2,1772321219.041194
PDA50B2,1300.210000038147,1.3273038587723411,2,1772321219.046194
PDA50B2,1300.2199997901917,1.3072375565185061,2,1772321219.051194
PDA50B2,1300.2300000190735,1.3240143009801237,2,1772321219.056194
PDA50B2,1300.2399997711182,1.3177641412242989,2,1772321219.061194
PDA50B2,1300.25,1.3039479988355105,2,1772321219.066194
PDA50B2,1300.2599997520447,1.3296065492375662,2,1772321219.071194
PDA50B2,1300.2699999809265,1.309211291136886,2,1772321219.076194
PDA50B2,1300.2799997329712,1.3233563894238323,2,1772321219.081194
PDA50B2,1300.289999961853,1.3180930969993088,2,1772321219.086194
PDA50B2,1300.2999997138977,1.300987396936095,2,1772321219.091194
PDA50B2,1300.3099999427795,1.3276328145525493,2,1772321219.096194
PDA50B2,1300.3199996948242,1.3085533795967108,2,1772321219.101194
PDA50B2,1300.329999923706,1.3253301240948587,2,1772321219.106194
PDA50B2,1300.340000152588,1.3187510085498657,2,1772321219.1111941
PDA50B2,1300.3499999046326,1.3029611315340972,2,1772321219.116194
PDA50B2,1300.3600001335144,1.3292775934562817,2,1772321219.1211941
PDA50B2,1300.369999885559,1.3101981584484903,2,1772321219.126194
PDA50B2,1300.380000114441,1.3240143009801237,2,1772321219.131194
PDA50B2,1300.3899998664856,1.3171062296748166,2,1772321219.136194
PDA50B2,1300.4000000953674,1.302632175767317,2,1772321219.141194
PDA50B2,1300.409999847412,1.3286196818942504,2,1772321219.146194
PDA50B2,1300.420000076294,1.3101981584484903,2,1772321219.151194
PDA50B2,1300.4299998283386,1.325001168315906,2,1772321219.156194
PDA50B2,1300.4400000572205,1.319079964325413,2,1772321219.161194
PDA50B2,1300.4499998092651,1.3016453084680477,2,1772321219.166194
PDA50B2,1300.460000038147,1.3292775934562817,2,1772321219.171194
PDA50B2,1300.4699997901917,1.309540246907242,2,1772321219.176194
PDA50B2,1300.4800000190735,1.3240143009801237,2,1772321219.181194
PDA50B2,1300.4899997711182,1.3174351854494684,2,1772321219.186194
PDA50B2,1300.5,1.300987396936095,2,1772321219.191194
PDA50B2,1300.5099997520447,1.3309223723644998,2,1772321219.196194
PDA50B2,1300.5199999809265,1.3105271142193828,2,1772321219.201194
PDA50B2,1300.5299997329712,1.3226984778682578,2,1772321219.206194
PDA50B2,1300.539999961853,1.3177641412242989,2,1772321219.211194
PDA50B2,1300.5499997138977,1.3000005296395052,2,1772321219.216194
PDA50B2,1300.5599999427795,1.327961770332937,2,1772321219.221194
PDA50B2,1300.5699996948242,1.3101981584484903,2,1772321219.226194
PDA50B2,1300.579999923706,1.3240143009801237,2,1772321219.231194
PDA50B2,1300.5899996757507,1.3194089201011392,2,1772321219.236194
PDA50B2,1300.5999999046326,1.3046059103706797,2,1772321219.241194
PDA50B2,1300.6099996566772,1.3296065492375662,2,1772321219.246194
PDA50B2,1300.619999885559,1.3098692026777767,2,1772321219.251194
PDA50B2,1300.6299996376038,1.3240143009801237,2,1772321219.2561939
PDA50B2,1300.6399998664856,1.3184220527744976,2,1772321219.261194
PDA50B2,1300.6499996185303,1.301974264234292,2,1772321219.2661939
PDA50B2,1300.659999847412,1.3292775934562817,2,1772321219.271194
PDA50B2,1300.670000076294,1.309540246907242,2,1772321219.276194
PDA50B2,1300.6799998283386,1.3223695220907392,2,1772321219.281194
PDA50B2,1300.6900000572205,1.3187510085498657,2,1772321219.286194
PDA50B2,1300.6999998092651,1.302632175767317,2,1772321219.291194
PDA50B2,1300.710000038147,1.3286196818942504,2,1772321219.296194
PDA50B2,1300.7199997901917,1.309540246907242,2,1772321219.301194
PDA50B2,1300.7300000190735,1.3230274336459555,2,1772321219.306194
PDA50B2,1300.7399997711182,1.319079964325413,2,1772321219.311194
PDA50B2,1300.75,1.3039479988355105,2,1772321219.316194
PDA50B2,1300.7599997520447,1.3299355050190305,2,1772321219.321194
PDA50B2,1300.7699999809265,1.3101981584484903,2,1772321219.326194
PDA50B2,1300.7799997329712,1.3236853452018884,2,1772321219.331194
PDA50B2,1300.789999961853,1.319079964325413,2,1772321219.336194
PDA50B2,1300.7999997138977,1.3032900873010564,2,1772321219.341194
PDA50B2,1300.8099999427795,1.3296065492375662,2,1772321219.346194
PDA50B2,1300.8199996948242,1.3105271142193828,2,1772321219.351194
PDA50B2,1300.829999923706,1.3240143009801237,2,1772321219.356194
PDA50B2,1300.8399996757507,1.3200668316531294,2,1772321219.361194
PDA50B2,1300.8499999046326,1.301316352701982,2,1772321219.366194
PDA50B2,1300.8599996566772,1.3302644608006742,2,1772321219.371194
PDA50B2,1300.869999885559,1.3101981584484903,2,1772321219.376194
PDA50B2,1300.8799996376038,1.3230274336459555,2,1772321219.3811939
PDA50B2,1300.8899998664856,1.3187510085498657,2,1772321219.386194
PDA50B2,1300.8999996185303,1.3039479988355105,2,1772321219.3911939
PDA50B2,1300.909999847412,1.3296065492375662,2,1772321219.396194
PDA50B2,1300.9199995994568,1.3101981584484903,2,1772321219.4011939
PDA50B2,1300.9299998283386,1.3230274336459555,2,1772321219.406194
PDA50B2,1300.9399995803833,1.320395787429393,2,1772321219.4111938
PDA50B2,1300.9499998092651,1.3065796449804772,2,1772321219.416194
PDA50B2,1300.9599995613098,1.3299355050190305,2,1772321219.4211938
PDA50B2,1300.9699997901917,1.3108560699904543,2,1772321219.426194
PDA50B2,1300.9799995422363,1.3226984778682578,2,1772321219.4311938
PDA50B2,1300.9899997711182,1.3194089201011392,2,1772321219.436194
PDA50B2,1301.0,1.304276954603006,2,1772321219.441194
PDA50B2,1301.0100002288818,1.331251328146682,2,1772321219.4461942
PDA50B2,1301.0199999809265,1.3128298046206408,2,1772321219.451194
PDA50B2,1301.0300002098083,1.3240143009801237,2,1772321219.4561942
PDA50B2,1301.039999961853,1.3200668316531294,2,1772321219.461194
PDA50B2,1301.0500001907349,1.3032900873010564,2,1772321219.4661942
PDA50B2,1301.0599999427795,1.331251328146682,2,1772321219.471194
PDA50B2,1301.0700001716614,1.311513981533134,2,1772321219.4761941
PDA50B2,1301.079999923706,1.3233563894238323,2,1772321219.481194
PDA50B2,1301.090000152588,1.320395787429393,2,1772321219.4861941
PDA50B2,1301.0999999046326,1.304276954603006,2,1772321219.491194
PDA50B2,1301.1100001335144,1.331251328146682,2,1772321219.4961941
PDA50B2,1301.119999885559,1.3111850257617048,2,1772321219.501194
PDA50B2,1301.130000114441,1.3220405663134003,2,1772321219.506194
PDA50B2,1301.1399998664856,1.3197378758770446,2,1772321219.511194
PDA50B2,1301.1500000953674,1.3029611315340972,2,1772321219.516194
PDA50B2,1301.159999847412,1.3315802839290436,2,1772321219.521194
PDA50B2,1301.170000076294,1.3118429373047422,2,1772321219.526194
PDA50B2,1301.1799998283386,1.3226984778682578,2,1772321219.531194
PDA50B2,1301.1900000572205,1.3207247432058362,2,1772321219.536194
PDA50B2,1301.1999998092651,1.3039479988355105,2,1772321219.541194
PDA50B2,1301.210000038147,1.3302644608006742,2,1772321219.546194
PDA50B2,1301.2199997901917,1.3111850257617048,2,1772321219.551194
PDA50B2,1301.2300000190735,1.3236853452018884,2,1772321219.556194
PDA50B2,1301.2399997711182,1.3213826547592598,2,1772321219.561194
PDA50B2,1301.25,1.3032900873010564,2,1772321219.566194
PDA50B2,1301.2599997520447,1.3322381954943054,2,1772321219.571194
PDA50B2,1301.2699999809265,1.3128298046206408,2,1772321219.576194
PDA50B2,1301.2799997329712,1.3230274336459555,2,1772321219.581194
PDA50B2,1301.289999961853,1.3207247432058362,2,1772321219.586194
PDA50B2,1301.2999997138977,1.3032900873010564,2,1772321219.591194
PDA50B2,1301.3099999427795,1.3302644608006742,2,1772321219.596194
PDA50B2,1301.3199996948242,1.3111850257617048,2,1772321219.601194
PDA50B2,1301.329999923706,1.3220405663134003,2,1772321219.606194
PDA50B2,1301.340000152588,1.3217116105362403,2,1772321219.6111941
PDA50B2,1301.3499999046326,1.3069086007494024,2,1772321219.616194
PDA50B2,1301.3600001335144,1.3325671512772057,2,1772321219.6211941
PDA50B2,1301.369999885559,1.3125008488484955,2,1772321219.626194
PDA50B2,1301.380000114441,1.3233563894238323,2,1772321219.631194
PDA50B2,1301.3899998664856,1.320395787429393,2,1772321219.636194
PDA50B2,1301.4000000953674,1.305592777674774,2,1772321219.641194
PDA50B2,1301.409999847412,1.3305934165824973,2,1772321219.646194
PDA50B2,1301.420000076294,1.3128298046206408,2,1772321219.651194
PDA50B2,1301.4299998283386,1.3236853452018884,2,1772321219.656194
PDA50B2,1301.4400000572205,1.3213826547592598,2,1772321219.661194
PDA50B2,1301.4499998092651,1.3032900873010564,2,1772321219.666194
PDA50B2,1301.460000038147,1.3315802839290436,2,1772321219.671194
PDA50B2,1301.4699997901917,1.3108560699904543,2,1772321219.676194
PDA50B2,1301.4800000190735,1.3200668316531294,2,1772321219.681194
PDA50B2,1301.4899997711182,1.3197378758770446,2,1772321219.686194
PDA50B2,1301.5,1.305921733443163,2,1772321219.691194
PDA50B2,1301.5099997520447,1.331909239711585,2,1772321219.696194
PDA50B2,1301.5199999809265,1.3128298046206408,2,1772321219.701194
PDA50B2,1301.5299997329712,1.3223695220907392,2,1772321219.706194
PDA50B2,1301.539999961853,1.3217116105362403,2,1772321219.711194
PDA50B2,1301.5499997138977,1.304276954603006,2,1772321219.716194
PDA50B2,1301.5599999427795,1.3309223723644998,2,1772321219.721194
PDA50B2,1301.5699996948242,1.3118429373047422,2,1772321219.726194
PDA50B2,1301.579999923706,1.3220405663134003,2,1772321219.731194
PDA50B2,1301.5899996757507,1.3217116105362403,2,1772321219.736194
PDA50B2,1301.5999999046326,1.307895468057251,2,1772321219.741194
PDA50B2,1301.6099996566772,1.331909239711585,2,1772321219.746194
PDA50B2,1301.619999885559,1.3121718930765294,2,1772321219.751194
PDA50B2,1301.6299996376038,1.3217116105362403,2,1772321219.7561939
PDA50B2,1301.6399998664856,1.320395787429393,2,1772321219.761194
PDA50B2,1301.6499996185303,1.3016453084680477,2,1772321219.7661939
PDA50B2,1301.659999847412,1.3305934165824973,2,1772321219.771194
PDA50B2,1301.670000076294,1.3138166719381499,2,1772321219.776194
PDA50B2,1301.6799998283386,1.3223695220907392,2,1772321219.781194
PDA50B2,1301.6900000572205,1.3226984778682578,2,1772321219.786194
PDA50B2,1301.6999998092651,1.305921733443163,2,1772321219.791194
PDA50B2,1301.710000038147,1.331909239711585,2,1772321219.796194
PDA50B2,1301.7199997901917,1.3138166719381499,2,1772321219.801194
PDA50B2,1301.7300000190735,1.3207247432058362,2,1772321219.806194
PDA50B2,1301.7399997711182,1.3217116105362403,2,1772321219.811194
PDA50B2,1301.75,1.305921733443163,2,1772321219.816194
PDA50B2,1301.7599997520447,1.331909239711585,2,1772321219.821194
PDA50B2,1301.7699999809265,1.3141456277110108,2,1772321219.826194
PDA50B2,1301.7799997329712,1.3207247432058362,2,1772321219.831194
PDA50B2,1301.789999961853,1.3213826547592598,2,1772321219.836194
PDA50B2,1301.7999997138977,1.3052638219065638,2,1772321219.841194
PDA50B2,1301.8099999427795,1.3322381954943054,2,1772321219.846194
PDA50B2,1301.8199996948242,1.3121718930765294,2,1772321219.851194
PDA50B2,1301.829999923706,1.3210536989824584,2,1772321219.856194
PDA50B2,1301.8399996757507,1.3217116105362403,2,1772321219.861194
PDA50B2,1301.8499999046326,1.3049348661385325,2,1772321219.866194
PDA50B2,1301.8599996566772,1.3325671512772057,2,1772321219.871194
PDA50B2,1301.869999885559,1.3125008488484955,2,1772321219.876194
PDA50B2,1301.8799996376038,1.3220405663134003,2,1772321219.8811939
PDA50B2,1301.8899998664856,1.3217116105362403,2,1772321219.886194
PDA50B2,1301.8999996185303,1.3046059103706797,2,1772321219.8911939
PDA50B2,1301.909999847412,1.3325671512772057,2,1772321219.896194
PDA50B2,1301.9199995994568,1.3131587603929649,2,1772321219.9011939
PDA50B2,1301.9299998283386,1.3220405663134003,2,1772321219.906194
PDA50B2,1301.9399995803833,1.3236853452018884,2,1772321219.9111938
PDA50B2,1301.9499998092651,1.3052638219065638,2,1772321219.916194
PDA50B2,1301.9599995613098,1.3322381954943054,2,1772321219.9211938
PDA50B2,1301.9699997901917,1.3128298046206408,2,1772321219.926194
PDA50B2,1301.9799995422363,1.319079964325413,2,1772321219.9311938
PDA50B2,1301.9899997711182,1.3217116105362403,2,1772321219.936194
PDA50B2,1302.0,1.3072375565185061,2,1772321219.941194
PDA50B2,1302.0100002288818,1.3335540186269836,2,1772321219.9461942
PDA50B2,1302.0199999809265,1.314474583484051,2,1772321219.951194
PDA50B2,1302.0300002098083,1.3213826547592598,2,1772321219.9561942
PDA50B2,1302.039999961853,1.3240143009801237,2,1772321219.961194
PDA50B2,1302.0500001907349,1.3052638219065638,2,1772321219.9661942
PDA50B2,1302.0599999427795,1.3332250628435447,2,1772321219.971194
PDA50B2,1302.0700001716614,1.3131587603929649,2,1772321219.9761941
PDA50B2,1302.079999923706,1.3210536989824584,2,1772321219.981194
PDA50B2,1302.090000152588,1.3230274336459555,2,1772321219.9861941
PDA50B2,1302.0999999046326,1.3072375565185061,2,1772321219.991194
PDA50B2,1302.1100001335144,1.3345408859783776,2,1772321219.9961941
PDA50B2,1302.119999885559,1.3138166719381499,2,1772321220.001194
PDA50B2,1302.130000114441,1.3210536989824584,2,1772321220.006194
PDA50B2,1302.1399998664856,1.3223695220907392,2,1772321220.011194
PDA50B2,1302.1500000953674,1.305592777674774,2,1772321220.016194
PDA50B2,1302.159999847412,1.3332250628435447,2,1772321220.021194
PDA50B2,1302.170000076294,1.3141456277110108,2,1772321220.026194
PDA50B2,1302.1799998283386,1.3213826547592598,2,1772321220.031194
PDA50B2,1302.1900000572205,1.3220405663134003,2,1772321220.036194
PDA50B2,1302.1999998092651,1.3065796449804772,2,1772321220.041194
PDA50B2,1302.210000038147,1.3325671512772057,2,1772321220.046194
PDA50B2,1302.2199997901917,1.3125008488484955,2,1772321220.051194
PDA50B2,1302.2300000190735,1.320395787429393,2,1772321220.056194
PDA50B2,1302.2399997711182,1.3230274336459555,2,1772321220.061194
PDA50B2,1302.25,1.308882335366709,2,1772321220.066194
PDA50B2,1302.2599997520447,1.3342119301944,2,1772321220.071194
PDA50B2,1302.2699999809265,1.3138166719381499,2,1772321220.076194
PDA50B2,1302.2799997329712,1.3207247432058362,2,1772321220.081194
PDA50B2,1302.289999961853,1.3223695220907392,2,1772321220.086194
PDA50B2,1302.2999997138977,1.3049348661385325,2,1772321220.091194
PDA50B2,1302.3099999427795,1.3332250628435447,2,1772321220.096194
PDA50B2,1302.3199996948242,1.314474583484051,2,1772321220.101194
PDA50B2,1302.329999923706,1.3213826547592598,2,1772321220.106194
PDA50B2,1302.340000152588,1.3240143009801237,2,1772321220.1111941
PDA50B2,1302.3499999046326,1.305921733443163,2,1772321220.116194
PDA50B2,1302.3600001335144,1.3332250628435447,2,1772321220.1211941
PDA50B2,1302.369999885559,1.3121718930765294,2,1772321220.126194
PDA50B2,1302.380000114441,1.3194089201011392,2,1772321220.131194
PDA50B2,1302.3899998664856,1.3223695220907392,2,1772321220.136194
PDA50B2,1302.4000000953674,1.3065796449804772,2,1772321220.141194
PDA50B2,1302.409999847412,1.335527753331388,2,1772321220.146194
PDA50B2,1302.420000076294,1.3154614508042453,2,1772321220.151194
PDA50B2,1302.4299998283386,1.3197378758770446,2,1772321220.156194
PDA50B2,1302.4400000572205,1.3233563894238323,2,1772321220.161194
PDA50B2,1302.4499998092651,1.3046059103706797,2,1772321220.166194
PDA50B2,1302.460000038147,1.3315802839290436,2,1772321220.171194
PDA50B2,1302.4699997901917,1.3128298046206408,2,1772321220.176194
PDA50B2,1302.4800000190735,1.3197378758770446,2,1772321220.181194
PDA50B2,1302.4899997711182,1.3236853452018884,2,1772321220.186194
PDA50B2,1302.5,1.308882335366709,2,1772321220.191194
PDA50B2,1302.5099997520447,1.3358567091160842,2,1772321220.196194
PDA50B2,1302.5199999809265,1.3157904065780015,2,1772321220.201194
PDA50B2,1302.5299997329712,1.3200668316531294,2,1772321220.206194
PDA50B2,1302.539999961853,1.3230274336459555,2,1772321220.211194
PDA50B2,1302.5499997138977,1.3062506892117305,2,1772321220.216194
PDA50B2,1302.5599999427795,1.3332250628435447,2,1772321220.221194
PDA50B2,1302.5699996948242,1.314474583484051,2,1772321220.226194
PDA50B2,1302.579999923706,1.319079964325413,2,1772321220.231194
PDA50B2,1302.5899996757507,1.325001168315906,2,1772321220.236194
PDA50B2,1302.5999999046326,1.3062506892117305,2,1772321220.241194
PDA50B2,1302.6099996566772,1.3358567091160842,2,1772321220.246194
PDA50B2,1302.619999885559,1.31480353925727,2,1772321220.251194
PDA50B2,1302.6299996376038,1.3180930969993088,2,1772321220.2561939
PDA50B2,1302.6399998664856,1.3226984778682578,2,1772321220.261194
PDA50B2,1302.6499996185303,1.305592777674774,2,1772321220.2661939
PDA50B2,1302.659999847412,1.3342119301944,2,1772321220.271194
PDA50B2,1302.670000076294,1.3157904065780015,2,1772321220.276194
PDA50B2,1302.6799998283386,1.319079964325413,2,1772321220.281194
PDA50B2,1302.6900000572205,1.3233563894238323,2,1772321220.286194
PDA50B2,1302.6999998092651,1.3085533795967108,2,1772321220.291194
PDA50B2,1302.710000038147,1.3335540186269836,2,1772321220.296194
PDA50B2,1302.7199997901917,1.31480353925727,2,1772321220.301194
PDA50B2,1302.7300000190735,1.319079964325413,2,1772321220.306194
PDA50B2,1302.7399997711182,1.3243432567585385,2,1772321220.311194
PDA50B2,1302.75,1.3072375565185061,2,1772321220.316194
PDA50B2,1302.7599997520447,1.3345408859783776,2,1772321220.321194
PDA50B2,1302.7699999809265,1.314474583484051,2,1772321220.326194
PDA50B2,1302.7799997329712,1.3197378758770446,2,1772321220.331194
PDA50B2,1302.789999961853,1.3236853452018884,2,1772321220.336194
PDA50B2,1302.7999997138977,1.3065796449804772,2,1772321220.341194
PDA50B2,1302.8099999427795,1.3345408859783776,2,1772321220.346194
PDA50B2,1302.8199996948242,1.3151324950306682,2,1772321220.351194
PDA50B2,1302.829999923706,1.3194089201011392,2,1772321220.356194
PDA50B2,1302.8399996757507,1.3240143009801237,2,1772321220.361194
PDA50B2,1302.8499999046326,1.3069086007494024,2,1772321220.366194
PDA50B2,1302.8599996566772,1.3335540186269836,2,1772321220.371194
PDA50B2,1302.869999885559,1.31480353925727,2,1772321220.376194
PDA50B2,1302.8799996376038,1.3161193623519367,2,1772321220.3811939
PDA50B2,1302.8899998664856,1.3207247432058362,2,1772321220.386194
PDA50B2,1302.8999996185303,1.3065796449804772,2,1772321220.3911939
PDA50B2,1302.909999847412,1.3332250628435447,2,1772321220.396194
PDA50B2,1302.9199995994568,1.31480353925727,2,1772321220.4011939
PDA50B2,1302.9299998283386,1.3177641412242989,2,1772321220.406194
PDA50B2,1302.9399995803833,1.325001168315906,2,1772321220.4111938
PDA50B2,1302.9499998092651,1.3075665122877893,2,1772321220.416194
PDA50B2,1302.9599995613098,1.3342119301944,2,1772321220.4211938
PDA50B2,1302.9699997901917,1.31480353925727,2,1772321220.426194
PDA50B2,1302.9799995422363,1.3177641412242989,2,1772321220.4311938
PDA50B2,1302.9899997711182,1.3226984778682578,2,1772321220.436194
PDA50B2,1303.0,1.305592777674774,2,1772321220.441194
PDA50B2,1303.0100002288818,1.333882974410602,2,1772321220.4461942
PDA50B2,1303.0199999809265,1.3138166719381499,2,1772321220.451194
PDA50B2,1303.0300002098083,1.3187510085498657,2,1772321220.4561942
PDA50B2,1303.039999961853,1.3240143009801237,2,1772321220.461194
PDA50B2,1303.0500001907349,1.3072375565185061,2,1772321220.4661942
PDA50B2,1303.0599999427795,1.3335540186269836,2,1772321220.471194
PDA50B2,1303.0700001716614,1.314474583484051,2,1772321220.4761941
PDA50B2,1303.079999923706,1.316448318126051,2,1772321220.481194
PDA50B2,1303.090000152588,1.3243432567585385,2,1772321220.4861941
PDA50B2,1303.0999999046326,1.3062506892117305,2,1772321220.491194
PDA50B2,1303.1100001335144,1.3348698417625349,2,1772321220.4961941
PDA50B2,1303.119999885559,1.3141456277110108,2,1772321220.501194
PDA50B2,1303.130000114441,1.316448318126051,2,1772321220.506194
PDA50B2,1303.1399998664856,1.3233563894238323,2,1772321220.511194
PDA50B2,1303.1500000953674,1.3065796449804772,2,1772321220.516194
PDA50B2,1303.159999847412,1.3348698417625349,2,1772321220.521194
PDA50B2,1303.170000076294,1.31480353925727,2,1772321220.526194
PDA50B2,1303.1799998283386,1.3174351854494684,2,1772321220.531194
PDA50B2,1303.1900000572205,1.3233563894238323,2,1772321220.536194
PDA50B2,1303.1999998092651,1.3062506892117305,2,1772321220.541194
PDA50B2,1303.210000038147,1.3348698417625349,2,1772321220.546194
PDA50B2,1303.2199997901917,1.3138166719381499,2,1772321220.551194
PDA50B2,1303.2300000190735,1.3157904065780015,2,1772321220.556194
PDA50B2,1303.2399997711182,1.3230274336459555,2,1772321220.561194
PDA50B2,1303.25,1.307895468057251,2,1772321220.566194
PDA50B2,1303.2599997520447,1.333882974410602,2,1772321220.571194
PDA50B2,1303.2699999809265,1.3151324950306682,2,1772321220.576194
PDA50B2,1303.2799997329712,1.316448318126051,2,1772321220.581194
PDA50B2,1303.289999961853,1.3236853452018884,2,1772321220.586194
PDA50B2,1303.2999997138977,1.307895468057251,2,1772321220.591194
PDA50B2,1303.3099999427795,1.3351987975468718,2,1772321220.596194
PDA50B2,1303.3199996948242,1.3161193623519367,2,1772321220.601194
PDA50B2,1303.329999923706,1.3174351854494684,2,1772321220.606194
PDA50B2,1303.340000152588,1.3256590798739907,2,1772321220.6111941
PDA50B2,1303.3499999046326,1.3062506892117305,2,1772321220.616194
PDA50B2,1303.3600001335144,1.3358567091160842,2,1772321220.6211941
PDA50B2,1303.369999885559,1.3138166719381499,2,1772321220.626194
PDA50B2,1303.380000114441,1.3157904065780015,2,1772321220.631194
PDA50B2,1303.3899998664856,1.3240143009801237,2,1772321220.636194
PDA50B2,1303.4000000953674,1.3075665122877893,2,1772321220.641194
PDA50B2,1303.409999847412,1.3335540186269836,2,1772321220.646194
PDA50B2,1303.420000076294,1.3138166719381499,2,1772321220.651194
PDA50B2,1303.4299998283386,1.3154614508042453,2,1772321220.656194
PDA50B2,1303.4400000572205,1.3246722125371326,2,1772321220.661194
PDA50B2,1303.4499998092651,1.3075665122877893,2,1772321220.666194
PDA50B2,1303.460000038147,1.3345408859783776,2,1772321220.671194
PDA50B2,1303.4699997901917,1.3151324950306682,2,1772321220.676194
PDA50B2,1303.4800000190735,1.3161193623519367,2,1772321220.681194
PDA50B2,1303.4899997711182,1.3243432567585385,2,1772321220.686194
PDA50B2,1303.5,1.305921733443163,2,1772321220.691194
PDA50B2,1303.5099997520447,1.335527753331388,2,1772321220.696194
PDA50B2,1303.5199999809265,1.3151324950306682,2,1772321220.701194
PDA50B2,1303.5299997329712,1.3171062296748166,2,1772321220.706194
PDA50B2,1303.539999961853,1.3240143009801237,2,1772321220.711194
PDA50B2,1303.5499997138977,1.3069086007494024,2,1772321220.716194
PDA50B2,1303.5599999427795,1.3335540186269836,2,1772321220.721194
PDA50B2,1303.5699996948242,1.314474583484051,2,1772321220.726194
PDA50B2,1303.579999923706,1.3151324950306682,2,1772321220.731194
PDA50B2,1303.5899996757507,1.3243432567585385,2,1772321220.736194
PDA50B2,1303.5999999046326,1.3118429373047422,2,1772321220.741194
PDA50B2,1303.6099996566772,1.336514620686015,2,1772321220.746194
PDA50B2,1303.619999885559,1.3151324950306682,2,1772321220.751194
PDA50B2,1303.6299996376038,1.3138166719381499,2,1772321220.7561939
PDA50B2,1303.6399998664856,1.3236853452018884,2,1772321220.761194
PDA50B2,1303.6499996185303,1.309540246907242,2,1772321220.7661939
PDA50B2,1303.659999847412,1.3348698417625349,2,1772321220.771194
PDA50B2,1303.670000076294,1.316448318126051,2,1772321220.776194
PDA50B2,1303.6799998283386,1.3157904065780015,2,1772321220.781194
PDA50B2,1303.6900000572205,1.3240143009801237,2,1772321220.786194
PDA50B2,1303.6999998092651,1.3082244238268914,2,1772321220.791194
PDA50B2,1303.710000038147,1.3342119301944,2,1772321220.796194
PDA50B2,1303.7199997901917,1.313487716165468,2,1772321220.801194
PDA50B2,1303.7300000190735,1.314474583484051,2,1772321220.806194
PDA50B2,1303.7399997711182,1.325001168315906,2,1772321220.811194
PDA50B2,1303.75,1.3075665122877893,2,1772321220.816194
PDA50B2,1303.7599997520447,1.335527753331388,2,1772321220.821194
PDA50B2,1303.7699999809265,1.3157904065780015,2,1772321220.826194
PDA50B2,1303.7799997329712,1.314474583484051,2,1772321220.831194
PDA50B2,1303.789999961853,1.325001168315906,2,1772321220.836194
PDA50B2,1303.7999997138977,1.3072375565185061,2,1772321220.841194
PDA50B2,1303.8099999427795,1.335527753331388,2,1772321220.846194
PDA50B2,1303.8199996948242,1.3154614508042453,2,1772321220.851194
PDA50B2,1303.829999923706,1.3138166719381499,2,1772321220.856194
PDA50B2,1303.8399996757507,1.3256590798739907,2,1772321220.861194
PDA50B2,1303.8499999046326,1.307895468057251,2,1772321220.866194
PDA50B2,1303.8599996566772,1.3351987975468718,2,1772321220.871194
PDA50B2,1303.869999885559,1.3138166719381499,2,1772321220.876194
PDA50B2,1303.8799996376038,1.313487716165468,2,1772321220.8811939
PDA50B2,1303.8899998664856,1.3233563894238323,2,1772321220.886194
PDA50B2,1303.8999996185303,1.309211291136886,2,1772321220.8911939
PDA50B2,1303.909999847412,1.3348698417625349,2,1772321220.896194
PDA50B2,1303.9199995994568,1.3151324950306682,2,1772321220.9011939
PDA50B2,1303.9299998283386,1.3118429373047422,2,1772321220.906194
PDA50B2,1303.9399995803833,1.3246722125371326,2,1772321220.9111938
PDA50B2,1303.9499998092651,1.3072375565185061,2,1772321220.916194
PDA50B2,1303.9599995613098,1.3348698417625349,2,1772321220.9211938
PDA50B2,1303.9699997901917,1.3141456277110108,2,1772321220.926194
PDA50B2,1303.9799995422363,1.3118429373047422,2,1772321220.9311938
PDA50B2,1303.9899997711182,1.3230274336459555,2,1772321220.936194
PDA50B2,1304.0,1.3075665122877893,2,1772321220.941194
PDA50B2,1304.0100002288818,1.3348698417625349,2,1772321220.9461942
PDA50B2,1304.0199999809265,1.313487716165468,2,1772321220.951194
PDA50B2,1304.0300002098083,1.3121718930765294,2,1772321220.9561942
PDA50B2,1304.039999961853,1.3236853452018884,2,1772321220.961194
PDA50B2,1304.0500001907349,1.307895468057251,2,1772321220.9661942
PDA50B2,1304.0599999427795,1.3348698417625349,2,1772321220.971194
PDA50B2,1304.0700001716614,1.3167772739003443,2,1772321220.9761941
PDA50B2,1304.079999923706,1.313487716165468,2,1772321220.981194
PDA50B2,1304.090000152588,1.3243432567585385,2,1772321220.9861941
PDA50B2,1304.0999999046326,1.305592777674774,2,1772321220.991194
PDA50B2,1304.1100001335144,1.3342119301944,2,1772321220.9961941
PDA50B2,1304.119999885559,1.3131587603929649,2,1772321221.001194
PDA50B2,1304.130000114441,1.3105271142193828,2,1772321221.006194
PDA50B2,1304.1399998664856,1.3233563894238323,2,1772321221.011194
PDA50B2,1304.1500000953674,1.3085533795967108,2,1772321221.016194
PDA50B2,1304.159999847412,1.3358567091160842,2,1772321221.021194
PDA50B2,1304.170000076294,1.3157904065780015,2,1772321221.026194
PDA50B2,1304.1799998283386,1.3111850257617048,2,1772321221.031194
PDA50B2,1304.1900000572205,1.3240143009801237,2,1772321221.036194
PDA50B2,1304.1999998092651,1.3072375565185061,2,1772321221.041194
PDA50B2,1304.210000038147,1.335527753331388,2,1772321221.046194
PDA50B2,1304.2199997901917,1.3161193623519367,2,1772321221.051194
PDA50B2,1304.2300000190735,1.3125008488484955,2,1772321221.056194
PDA50B2,1304.2399997711182,1.325001168315906,2,1772321221.061194
PDA50B2,1304.25,1.308882335366709,2,1772321221.066194
PDA50B2,1304.2599997520447,1.3358567091160842,2,1772321221.071194
PDA50B2,1304.2699999809265,1.3151324950306682,2,1772321221.076194
PDA50B2,1304.2799997329712,1.3121718930765294,2,1772321221.081194
PDA50B2,1304.289999961853,1.3236853452018884,2,1772321221.086194
PDA50B2,1304.2999997138977,1.3072375565185061,2,1772321221.091194
PDA50B2,1304.3099999427795,1.3348698417625349,2,1772321221.096194
PDA50B2,1304.3199996948242,1.3157904065780015,2,1772321221.101194
PDA50B2,1304.329999923706,1.3121718930765294,2,1772321221.106194
PDA50B2,1304.340000152588,1.3256590798739907,2,1772321221.1111941
PDA50B2,1304.3499999046326,1.3085533795967108,2,1772321221.116194
PDA50B2,1304.3600001335144,1.333882974410602,2,1772321221.1211941
PDA50B2,1304.369999885559,1.3161193623519367,2,1772321221.126194
PDA50B2,1304.380000114441,1.3111850257617048,2,1772321221.131194
PDA50B2,1304.3899998664856,1.3236853452018884,2,1772321221.136194
PDA50B2,1304.4000000953674,1.3069086007494024,2,1772321221.141194
PDA50B2,1304.409999847412,1.3351987975468718,2,1772321221.146194
PDA50B2,1304.420000076294,1.3154614508042453,2,1772321221.151194
PDA50B2,1304.4299998283386,1.311513981533134,2,1772321221.156194
PDA50B2,1304.4400000572205,1.325001168315906,2,1772321221.161194
PDA50B2,1304.4499998092651,1.305921733443163,2,1772321221.166194
PDA50B2,1304.460000038147,1.3342119301944,2,1772321221.171194
PDA50B2,1304.4699997901917,1.3157904065780015,2,1772321221.176194
PDA50B2,1304.4800000190735,1.311513981533134,2,1772321221.181194
PDA50B2,1304.4899997711182,1.3236853452018884,2,1772321221.186194
PDA50B2,1304.5,1.3082244238268914,2,1772321221.191194
PDA50B2,1304.5099997520447,1.3351987975468718,2,1772321221.196194
PDA50B2,1304.5199999809265,1.3138166719381499,2,1772321221.201194
PDA50B2,1304.5299997329712,1.3098692026777767,2,1772321221.206194
PDA50B2,1304.539999961853,1.3243432567585385,2,1772321221.211194
PDA50B2,1304.5499997138977,1.3082244238268914,2,1772321221.216194
PDA50B2,1304.5599999427795,1.3358567091160842,2,1772321221.221194
PDA50B2,1304.5699996948242,1.3161193623519367,2,1772321221.226194
PDA50B2,1304.579999923706,1.3118429373047422,2,1772321221.231194
PDA50B2,1304.5899996757507,1.325001168315906,2,1772321221.236194
PDA50B2,1304.5999999046326,1.3072375565185061,2,1772321221.241194
PDA50B2,1304.6099996566772,1.3348698417625349,2,1772321221.246194
PDA50B2,1304.619999885559,1.314474583484051,2,1772321221.251194
PDA50B2,1304.6299996376038,1.3098692026777767,2,1772321221.2561939
PDA50B2,1304.6399998664856,1.3253301240948587,2,1772321221.261194
PDA50B2,1304.6499996185303,1.3075665122877893,2,1772321221.2661939
PDA50B2,1304.659999847412,1.3358567091160842,2,1772321221.271194
PDA50B2,1304.670000076294,1.3157904065780015,2,1772321221.276194
PDA50B2,1304.6799998283386,1.3108560699904543,2,1772321221.281194
PDA50B2,1304.6900000572205,1.3243432567585385,2,1772321221.286194
PDA50B2,1304.6999998092651,1.3069086007494024,2,1772321221.291194
PDA50B2,1304.710000038147,1.3348698417625349,2,1772321221.296194
PDA50B2,1304.7199997901917,1.3138166719381499,2,1772321221.301194
PDA50B2,1304.7300000190735,1.3082244238268914,2,1772321221.306194
PDA50B2,1304.7399997711182,1.3246722125371326,2,1772321221.311194
PDA50B2,1304.75,1.3072375565185061,2,1772321221.316194
PDA50B2,1304.7599997520447,1.3342119301944,2,1772321221.321194
PDA50B2,1304.7699999809265,1.3141456277110108,2,1772321221.326194
PDA50B2,1304.7799997329712,1.309540246907242,2,1772321221.331194
PDA50B2,1304.789999961853,1.3240143009801237,2,1772321221.336194
PDA50B2,1304.7999997138977,1.3065796449804772,2,1772321221.341194
PDA50B2,1304.8099999427795,1.3345408859783776,2,1772321221.346194
PDA50B2,1304.8199996948242,1.3154614508042453,2,1772321221.351194
PDA50B2,1304.829999923706,1.309211291136886,2,1772321221.356194
PDA50B2,1304.8399996757507,1.3246722125371326,2,1772321221.361194
PDA50B2,1304.8499999046326,1.3062506892117305,2,1772321221.366194
PDA50B2,1304.8599996566772,1.3345408859783776,2,1772321221.371194
PDA50B2,1304.869999885559,1.3141456277110108,2,1772321221.376194
PDA50B2,1304.8799996376038,1.3065796449804772,2,1772321221.3811939
PDA50B2,1304.8899998664856,1.3243432567585385,2,1772321221.386194
PDA50B2,1304.8999996185303,1.3082244238268914,2,1772321221.3911939
PDA50B2,1304.909999847412,1.3358567091160842,2,1772321221.396194
PDA50B2,1304.9199995994568,1.3154614508042453,2,1772321221.4011939
PDA50B2,1304.9299998283386,1.3082244238268914,2,1772321221.406194
PDA50B2,1304.9399995803833,1.325988035653302,2,1772321221.4111938
PDA50B2,1304.9499998092651,1.3072375565185061,2,1772321221.416194
PDA50B2,1304.9599995613098,1.335527753331388,2,1772321221.4211938
PDA50B2,1304.9699997901917,1.3141456277110108,2,1772321221.426194
PDA50B2,1304.9799995422363,1.305592777674774,2,1772321221.4311938
PDA50B2,1304.9899997711182,1.3230274336459555,2,1772321221.436194
PDA50B2,1305.0,1.309211291136886,2,1772321221.441194
PDA50B2,1305.0,1.3358567091160842,2,1772321221.4461942
PDA50B2,1305.0,1.3161193623519367,2,1772321221.451194
PDA50B2,1305.0,1.3082244238268914,2,1772321221.4561942
PDA50B2,1305.0,1.3240143009801237,2,1772321221.461194
PDA50B2,1305.0,1.3065796449804772,2,1772321221.4661942
PDA50B2,1305.0,1.3335540186269836,2,1772321221.471194
PDA50B2,1305.0,1.31480353925727,2,1772321221.4761941
PDA50B2,1305.0,1.3075665122877893,2,1772321221.481194
PDA50B2,1305.0,1.325988035653302,2,1772321221.4861941
PDA50B2,1305.0,1.3072375565185061,2,1772321221.491194
PDA50B2,1305.0,1.3358567091160842,2,1772321221.4961941
PDA50B2,1305.0,1.313487716165468,2,1772321221.501194
PDA50B2,1305.0,1.305592777674774,2,1772321221.506194
PDA50B2,1305.0,1.3226984778682578,2,1772321221.511194
PDA50B2,1305.0,1.3065796449804772,2,1772321221.516194
PDA50B2,1305.0,1.3348698417625349,2,1772321221.521194
PDA50B2,1305.0,1.314474583484051,2,1772321221.526194
PDA50B2,1305.0,1.3072375565185061,2,1772321221.531194
PDA50B2,1305.0,1.3236853452018884,2,1772321221.536194
PDA50B2,1305.0,1.307895468057251,2,1772321221.541194
PDA50B2,1305.0,1.3351987975468718,2,1772321221.546194
PDA50B2,1305.0,1.3141456277110108,2,1772321221.551194
PDA50B2,1305.0,1.3049348661385325,2,1772321221.556194
PDA50B2,1305.0,1.3230274336459555,2,1772321221.561194
PDA50B2,1305.0,1.3069086007494024,2,1772321221.566194
PDA50B2,1305.0,1.3345408859783776,2,1772321221.571194
PDA50B2,1305.0,1.31480353925727,2,1772321221.576194
PDA50B2,1305.0,1.3072375565185061,2,1772321221.581194
PDA50B2,1305.0,1.3240143009801237,2,1772321221.586194
PDA50B2,1305.0,1.3072375565185061,2,1772321221.591194
PDA50B2,1305.0,1.3328961070602854,2,1772321221.596194
PDA50B2,1305.0,1.3151324950306682,2,1772321221.601194
PDA50B2,1305.0,1.3046059103706797,2,1772321221.606194
PDA50B2,1305.0,1.325001168315906,2,1772321221.6111941
PDA50B2,1305.0,1.3085533795967108,2,1772321221.616194
PDA50B2,1305.0,1.3342119301944,2,1772321221.6211941
PDA50B2,1305.0,1.313487716165468,2,1772321221.626194
PDA50B2,1305.0,1.305592777674774,2,1772321221.631194
PDA50B2,1305.0,1.3230274336459555,2,1772321221.636194
PDA50B2,1305.0,1.3069086007494024,2,1772321221.641194
PDA50B2,1305.0,1.3342119301944,2,1772321221.646194
PDA50B2,1305.0,1.313487716165468,2,1772321221.651194
PDA50B2,1305.0,1.304276954603006,2,1772321221.656194
PDA50B2,1305.0,1.3233563894238323,2,1772321221.661194
PDA50B2,1305.0,1.3052638219065638,2,1772321221.666194
PDA50B2,1305.0,1.3342119301944,2,1772321221.671194
PDA50B2,1305.0,1.3138166719381499,2,1772321221.676194
PDA50B2,1305.0,1.3062506892117305,2,1772321221.681194
PDA50B2,1305.0,1.3246722125371326,2,1772321221.686194
PDA50B2,1305.0,1.3075665122877893,2,1772321221.691194
PDA50B2,1305.0,1.3358567091160842,2,1772321221.696194
PDA50B2,1305.0,1.3138166719381499,2,1772321221.701194
PDA50B2,1305.0,1.3016453084680477,2,1772321221.706194
PDA50B2,1305.0,1.3226984778682578,2,1772321221.711194
PDA50B2,1305.0,1.305921733443163,2,1772321221.716194
PDA50B2,1305.0,1.3342119301944,2,1772321221.721194
PDA50B2,1305.0,1.3154614508042453,2,1772321221.726194
PDA50B2,1305.0,1.305921733443163,2,1772321221.731194
PDA50B2,1305.0,1.325001168315906,2,1772321221.736194
PDA50B2,1305.0,1.307895468057251,2,1772321221.741194
PDA50B2,1305.0,1.3361856649009598,2,1772321221.746194
PDA50B2,1305.0,1.313487716165468,2,1772321221.751194
PDA50B2,1305.0,1.302632175767317,2,1772321221.7561939
PDA50B2,1305.0,1.3223695220907392,2,1772321221.761194
PDA50B2,1305.0,1.305592777674774,2,1772321221.7661939
PDA50B2,1305.0,1.3325671512772057,2,1772321221.771194
PDA50B2,1305.0,1.314474583484051,2,1772321221.776194
PDA50B2,1305.0,1.3039479988355105,2,1772321221.781194
PDA50B2,1305.0,1.3240143009801237,2,1772321221.786194
PDA50B2,1305.0,1.3065796449804772,2,1772321221.791194
PDA50B2,1305.0,1.3335540186269836,2,1772321221.796194
PDA50B2,1305.0,1.313487716165468,2,1772321221.801194
PDA50B2,1305.0,1.3032900873010564,2,1772321221.806194
PDA50B2,1305.0,1.3230274336459555,2,1772321221.811194
PDA50B2,1305.0,1.3062506892117305,2,1772321221.816194
PDA50B2,1305.0,1.3335540186269836,2,1772321221.821194
PDA50B2,1305.0,1.3131587603929649,2,1772321221.826194
PDA50B2,1305.0,1.3023032200007152,2,1772321221.831194
PDA50B2,1305.0,1.3217116105362403,2,1772321221.836194
PDA50B2,1305.0,1.305921733443163,2,1772321221.841194
PDA50B2,1305.0,1.3345408859783776,2,1772321221.846194
PDA50B2,1305.0,1.3154614508042453,2,1772321221.851194
PDA50B2,1305.0,1.3029611315340972,2,1772321221.856194
PDA50B2,1305.0,1.3240143009801237,2,1772321221.861194
PDA50B2,1305.0,1.305921733443163,2,1772321221.866194
PDA50B2,1305.0,1.3325671512772057,2,1772321221.871194
PDA50B2,1305.0,1.3121718930765294,2,1772321221.876194
PDA50B2,1305.0,1.3016453084680477,2,1772321221.8811939
PDA50B2,1305.0,1.3246722125371326,2,1772321221.886194
PDA50B2,1305.0,1.3075665122877893,2,1772321221.8911939
PDA50B2,1305.0,1.336514620686015,2,1772321221.896194
PDA50B2,1305.0,1.314474583484051,2,1772321221.9011939
PDA50B2,1305.0,1.3000005296395052,2,1772321221.906194
PDA50B2,1305.0,1.3230274336459555,2,1772321221.9111938
PDA50B2,1305.0,1.3062506892117305,2,1772321221.916194
PDA50B2,1305.0,1.3332250628435447,2,1772321221.9211938
PDA50B2,1305.0,1.3141456277110108,2,1772321221.926194
PDA50B2,1305.0,1.3003294854048566,2,1772321221.9311938
PDA50B2,1305.0,1.3243432567585385,2,1772321221.936194
PDA50B2,1305.0,1.3075665122877893,2,1772321221.941194
PDA50B2,1305.0,1.335527753331388,2,1772321221.9461942
PDA50B2,1305.0,1.3141456277110108,2,1772321221.951194
PDA50B2,1305.0,1.300987396936095,2,1772321221.9561942
PDA50B2,1305.0,1.3230274336459555,2,1772321221.961194
PDA50B2,1305.0,1.305921733443163,2,1772321221.9661942
PDA50B2,1305.0,1.3348698417625349,2,1772321221.971194
PDA50B2,1305.0,1.3138166719381499,2,1772321221.9761941
PDA50B2,1305.0,1.301316352701982,2,1772321221.981194
PDA50B2,1305.0,1.3236853452018884,2,1772321221.9861941
PDA50B2,1305.0,1.3065796449804772,2,1772321221.991194
PDA50B2,1305.0,1.3342119301944,2,1772321221.9961941
PDA50B2,1305.0,1.3131587603929649,2,1772321222.001194
PDA50B2,1305.0,1.3016453084680477,2,1772321222.006194
PDA50B2,1305.0,1.3240143009801237,2,1772321222.011194
PDA50B2,1305.0,1.3082244238268914,2,1772321222.016194
PDA50B2,1305.0,1.3351987975468718,2,1772321222.021194
PDA50B2,1305.0,1.3138166719381499,2,1772321222.026194
PDA50B2,1305.0,1.2973688835231239,2,1772321222.031194
PDA50B2,1305.0,1.3217116105362403,2,1772321222.036194
PDA50B2,1305.0,1.3036190430681942,2,1772321222.041194
PDA50B2,1305.0,1.331909239711585,2,1772321222.046194
PDA50B2,1305.0,1.3125008488484955,2,1772321222.051194
PDA50B2,1305.0,1.298026795051148,2,1772321222.056194
PDA50B2,1305.0,1.3240143009801237,2,1772321222.061194
PDA50B2,1305.0,1.3062506892117305,2,1772321222.066194
PDA50B2,1305.0,1.3348698417625349,2,1772321222.071194
PDA50B2,1305.0,1.3151324950306682,2,1772321222.076194
PDA50B2,1305.0,1.2983557508154278,2,1772321222.081194
PDA50B2,1305.0,1.3233563894238323,2,1772321222.086194
PDA50B2,1305.0,1.3069086007494024,2,1772321222.091194
PDA50B2,1305.0,1.3342119301944,2,1772321222.096194
PDA50B2,1305.0,1.3131587603929649,2,1772321222.101194
PDA50B2,1305.0,1.299013662344523,2,1772321222.106194
PDA50B2,1305.0,1.3243432567585385,2,1772321222.1111941
PDA50B2,1305.0,1.3069086007494024,2,1772321222.116194
PDA50B2,1305.0,1.3348698417625349,2,1772321222.1211941
PDA50B2,1305.0,1.314474583484051,2,1772321222.126194
PDA50B2,1305.0,1.2983557508154278,2,1772321222.131194
PDA50B2,1305.0,1.3240143009801237,2,1772321222.136194
PDA50B2,1305.0,1.3072375565185061,2,1772321222.141194
PDA50B2,1305.0,1.3342119301944,2,1772321222.146194
PDA50B2,1305.0,1.3128298046206408,2,1772321222.151194
PDA50B2,1305.0,1.2996715738743325,2,1772321222.156194
PDA50B2,1305.0,1.3243432567585385,2,1772321222.161194
PDA50B2,1305.0,1.3072375565185061,2,1772321222.166194
PDA50B2,1305.0,1.335527753331388,2,1772321222.171194
PDA50B2,1305.0,1.3151324950306682,2,1772321222.176194
PDA50B2,1305.0,1.2963820162324267,2,1772321222.181194
PDA50B2,1305.0,1.3246722125371326,2,1772321222.186194
PDA50B2,1305.0,1.307895468057251,2,1772321222.191194
PDA50B2,1305.0,1.3348698417625349,2,1772321222.196194
PDA50B2,1305.0,1.3138166719381499,2,1772321222.201194
PDA50B2,1305.0,1.2976978392870466,2,1772321222.206194
PDA50B2,1305.0,1.3223695220907392,2,1772321222.211194
PDA50B2,1305.0,1.3065796449804772,2,1772321222.216194
PDA50B2,1305.0,1.3335540186269836,2,1772321222.221194
PDA50B2,1305.0,1.3138166719381499,2,1772321222.226194
PDA50B2,1305.0,1.3006584411703863,2,1772321222.231194
PDA50B2,1305.0,1.325001168315906,2,1772321222.236194
PDA50B2,1305.0,1.307895468057251,2,1772321222.241194
PDA50B2,1305.0,1.3361856649009598,2,1772321222.246194
PDA50B2,1305.0,1.3141456277110108,2,1772321222.251194
PDA50B2,1305.0,1.296053060469218,2,1772321222.2561939
PDA50B2,1305.0,1.3233563894238323,2,1772321222.261194
PDA50B2,1305.0,1.3065796449804772,2,1772321222.2661939
PDA50B2,1305.0,1.3345408859783776,2,1772321222.271194
PDA50B2,1305.0,1.3154614508042453,2,1772321222.276194
PDA50B2,1305.0,1.298684706579886,2,1772321222.281194
PDA50B2,1305.0,1.325001168315906,2,1772321222.286194
PDA50B2,1305.0,1.3062506892117305,2,1772321222.291194
PDA50B2,1305.0,1.3345408859783776,2,1772321222.296194
PDA50B2,1305.0,1.313487716165468,2,1772321222.301194
PDA50B2,1305.0,1.2973688835231239,2,1772321222.306194
PDA50B2,1305.0,1.325001168315906,2,1772321222.311194
PDA50B2,1305.0,1.3075665122877893,2,1772321222.316194
PDA50B2,1305.0,1.3348698417625349,2,1772321222.321194
PDA50B2,1305.0,1.313487716165468,2,1772321222.326194
PDA50B2,1305.0,1.2983557508154278,2,1772321222.331194
PDA50B2,1305.0,1.3233563894238323,2,1772321222.336194
PDA50B2,1305.0,1.305921733443163,2,1772321222.341194
PDA50B2,1305.0,1.3348698417625349,2,1772321222.346194
PDA50B2,1305.0,1.31480353925727,2,1772321222.351194
PDA50B2,1305.0,1.2996715738743325,2,1772321222.356194
PDA50B2,1305.0,1.325001168315906,2,1772321222.361194
PDA50B2,1305.0,1.3069086007494024,2,1772321222.366194
PDA50B2,1305.0,1.3351987975468718,2,1772321222.371194
PDA50B2,1305.0,1.314474583484051,2,1772321222.376194
PDA50B2,1305.0,1.298684706579886,2,1772321222.3811939
PDA50B2,1305.0,1.3230274336459555,2,1772321222.386194
PDA50B2,1305.0,1.3065796449804772,2,1772321222.3911939
PDA50B2,1305.0,1.3345408859783776,2,1772321222.396194
PDA50B2,1305.0,1.3138166719381499,2,1772321222.4011939
PDA50B2,1305.0,1.298684706579886,2,1772321222.406194
PDA50B2,1305.0,1.3243432567585385,2,1772321222.4111938
PDA50B2,1305.0,1.3052638219065638,2,1772321222.416194
PDA50B2,1305.0,1.3345408859783776,2,1772321222.4211938
PDA50B2,1305.0,1.313487716165468,2,1772321222.426194
PDA50B2,1305.0,1.298026795051148,2,1772321222.4311938
PDA50B2,1305.0,1.3236853452018884,2,1772321222.436194
PDA50B2,1305.0,1.307895468057251,2,1772321222.441194
PDA50B2,1305.0,1.3358567091160842,2,1772321222.4461942
PDA50B2,1305.0,1.3171062296748166,2,1772321222.451194
PDA50B2,1305.0,1.3003294854048566,2,1772321222.4561942
PDA50B2,1305.0,1.3246722125371326,2,1772321222.461194
PDA50B2,1305.0,1.3075665122877893,2,1772321222.4661942
PDA50B2,1305.0,1.3351987975468718,2,1772321222.471194
PDA50B2,1305.0,1.3154614508042453,2,1772321222.4761941
PDA50B2,1305.0,1.2967109719958139,2,1772321222.481194
PDA50B2,1305.0,1.3240143009801237,2,1772321222.4861941
PDA50B2,1305.0,1.3062506892117305,2,1772321222.491194
PDA50B2,1305.0,1.3358567091160842,2,1772321222.4961941
PDA50B2,1305.0,1.3141456277110108,2,1772321222.501194
PDA50B2,1305.0,1.2993426181093386,2,1772321222.506194
PDA50B2,1305.0,1.3236853452018884,2,1772321222.511194
PDA50B2,1305.0,1.3072375565185061,2,1772321222.516194
PDA50B2,1305.0,1.3361856649009598,2,1772321222.521194
PDA50B2,1305.0,1.3154614508042453,2,1772321222.526194
PDA50B2,1305.0,1.2983557508154278,2,1772321222.531194
PDA50B2,1305.0,1.3240143009801237,2,1772321222.536194
PDA50B2,1305.0,1.305921733443163,2,1772321222.541194
PDA50B2,1305.0,1.333882974410602,2,1772321222.546194
PDA50B2,1305.0,1.31480353925727,2,1772321222.551194
PDA50B2,1305.0,1.299013662344523,2,1772321222.556194
PDA50B2,1305.0,1.3243432567585385,2,1772321222.561194
PDA50B2,1305.0,1.307895468057251,2,1772321222.566194
PDA50B2,1305.0,1.3358567091160842,2,1772321222.571194
PDA50B2,1305.0,1.314474583484051,2,1772321222.576194
PDA50B2,1305.0,1.2973688835231239,2,1772321222.581194
PDA50B2,1305.0,1.3233563894238323,2,1772321222.586194
PDA50B2,1305.0,1.307895468057251,2,1772321222.591194
PDA50B2,1305.0,1.335527753331388,2,1772321222.596194
PDA50B2,1305.0,1.31480353925727,2,1772321222.601194
PDA50B2,1305.0,1.3003294854048566,2,1772321222.606194
PDA50B2,1305.0,1.3246722125371326,2,1772321222.6111941
PDA50B2,1305.0,1.305921733443163,2,1772321222.616194
PDA50B2,1305.0,1.3351987975468718,2,1772321222.6211941
PDA50B2,1305.0,1.3131587603929649,2,1772321222.626194
PDA50B2,1305.0,1.3006584411703863,2,1772321222.631194
PDA50B2,1305.0,1.3236853452018884,2,1772321222.636194
PDA50B2,1305.0,1.3082244238268914,2,1772321222.641194
PDA50B2,1305.0,1.3351987975468718,2,1772321222.646194
PDA50B2,1305.0,1.31480353925727,2,1772321222.651194
PDA50B2,1305.0,1.2976978392870466,2,1772321222.656194
PDA50B2,1305.0,1.3240143009801237,2,1772321222.661194
PDA50B2,1305.0,1.3072375565185061,2,1772321222.666194
PDA50B2,1305.0,1.3342119301944,2,1772321222.671194
PDA50B2,1305.0,1.314474583484051,2,1772321222.676194
PDA50B2,1305.0,1.2967109719958139,2,1772321222.681194
PDA50B2,1305.0,1.3246722125371326,2,1772321222.686194
PDA50B2,1305.0,1.3085533795967108,2,1772321222.691194
PDA50B2,1305.0,1.3361856649009598,2,1772321222.696194
PDA50B2,1305.0,1.3138166719381499,2,1772321222.701194
PDA50B2,1305.0,1.2970399277593796,2,1772321222.706194
PDA50B2,1305.0,1.3233563894238323,2,1772321222.711194
PDA50B2,1305.0,1.3069086007494024,2,1772321222.716194
PDA50B2,1305.0,1.3342119301944,2,1772321222.721194
PDA50B2,1305.0,1.3161193623519367,2,1772321222.726194
PDA50B2,1305.0,1.300987396936095,2,1772321222.731194
PDA50B2,1305.0,1.3256590798739907,2,1772321222.736194
PDA50B2,1305.0,1.3082244238268914,2,1772321222.741194
PDA50B2,1305.0,1.3351987975468718,2,1772321222.746194
PDA50B2,1305.0,1.313487716165468,2,1772321222.751194
PDA50B2,1305.0,1.299013662344523,2,1772321222.7561939
PDA50B2,1305.0,1.3230274336459555,2,1772321222.761194
PDA50B2,1305.0,1.3072375565185061,2,1772321222.7661939
PDA50B2,1305.0,1.3342119301944,2,1772321222.771194
PDA50B2,1305.0,1.3138166719381499,2,1772321222.776194
PDA50B2,1305.0,1.2993426181093386,2,1772321222.781194
PDA50B2,1305.0,1.3246722125371326,2,1772321222.786194
PDA50B2,1305.0,1.3062506892117305,2,1772321222.791194
PDA50B2,1305.0,1.335527753331388,2,1772321222.796194
PDA50B2,1305.0,1.31480353925727,2,1772321222.801194
PDA50B2,1305.0,1.2993426181093386,2,1772321222.806194
PDA50B2,1305.0,1.325001168315906,2,1772321222.811194
PDA50B2,1305.0,1.3082244238268914,2,1772321222.816194
PDA50B2,1305.0,1.3358567091160842,2,1772321222.821194
PDA50B2,1305.0,1.3154614508042453,2,1772321222.826194
PDA50B2,1305.0,1.2976978392870466,2,1772321222.831194
PDA50B2,1305.0,1.3240143009801237,2,1772321222.836194
PDA50B2,1305.0,1.3065796449804772,2,1772321222.841194
PDA50B2,1305.0,1.3342119301944,2,1772321222.846194
PDA50B2,1305.0,1.3157904065780015,2,1772321222.851194
PDA50B2,1305.0,1.3029611315340972,2,1772321222.856194
PDA50B2,1305.0,1.3256590798739907,2,1772321222.861194
PDA50B2,1305.0,1.307895468057251,2,1772321222.866194
PDA50B2,1305.0,1.3358567091160842,2,1772321222.871194
PDA50B2,1305.0,1.31480353925727,2,1772321222.876194
PDA50B2,1305.0,1.2983557508154278,2,1772321222.8811939
PDA50B2,1305.0,1.3243432567585385,2,1772321222.886194
PDA50B2,1305.0,1.309211291136886,2,1772321222.8911939
PDA50B2,1305.0,1.336514620686015,2,1772321222.896194
PDA50B2,1305.0,1.316448318126051,2,1772321222.9011939
PDA50B2,1305.0,1.298684706579886,2,1772321222.906194
PDA50B2,1305.0,1.3253301240948587,2,1772321222.9111938
PDA50B2,1305.0,1.3065796449804772,2,1772321222.916194
PDA50B2,1305.0,1.3345408859783776,2,1772321222.9211938
PDA50B2,1305.0,1.3138166719381499,2,1772321222.926194
PDA50B2,1305.0,1.300987396936095,2,1772321222.9311938
PDA50B2,1305.0,1.3243432567585385,2,1772321222.936194
PDA10CS2,1300.0,0.0052319241907584635,1,1772321214.5312588
PDA10CS2,1300.0100002288818,0.004902969054741052,1,1772321214.536259
PDA10CS2,1300.0199999809265,0.005889834463216614,1,1772321214.5412588
PDA10CS2,1300.0300002098083,0.005889834463216614,1,1772321214.546259
PDA10CS2,1300.039999961853,0.0052319241907584635,1,1772321214.5512588
PDA10CS2,1300.0500001907349,0.004902969054741052,1,1772321214.556259
PDA10CS2,1300.0599999427795,0.0052319241907584635,1,1772321214.5612588
PDA10CS2,1300.0700001716614,0.0052319241907584635,1,1772321214.566259
PDA10CS2,1300.079999923706,0.005889834463216614,1,1772321214.5712588
PDA10CS2,1300.090000152588,0.004902969054741052,1,1772321214.576259
PDA10CS2,1300.0999999046326,0.005889834463216614,1,1772321214.5812588
PDA10CS2,1300.1100001335144,0.004245058783129502,1,1772321214.586259
PDA10CS2,1300.119999885559,0.005889834463216614,1,1772321214.5912588
PDA10CS2,1300.130000114441,0.0052319241907584635,1,1772321214.5962589
PDA10CS2,1300.1399998664856,0.005889834463216614,1,1772321214.6012588
PDA10CS2,1300.1500000953674,0.0052319241907584635,1,1772321214.6062589
PDA10CS2,1300.159999847412,0.004902969054741052,1,1772321214.6112587
PDA10CS2,1300.170000076294,0.004245058783129502,1,1772321214.6162589
PDA10CS2,1300.1799998283386,0.0052319241907584635,1,1772321214.6212587
PDA10CS2,1300.1900000572205,0.005560879326916984,1,1772321214.6262589
PDA10CS2,1300.1999998092651,0.0052319241907584635,1,1772321214.6312587
PDA10CS2,1300.210000038147,0.005560879326916984,1,1772321214.6362588
PDA10CS2,1300.2199997901917,0.0052319241907584635,1,1772321214.6412587
PDA10CS2,1300.2300000190735,0.0052319241907584635,1,1772321214.6462588
PDA10CS2,1300.2399997711182,0.005560879326916984,1,1772321214.6512587
PDA10CS2,1300.25,0.005889834463216614,1,1772321214.6562588
PDA10CS2,1300.2599997520447,0.005560879326916984,1,1772321214.6612587
PDA10CS2,1300.2699999809265,0.005560879326916984,1,1772321214.6662588
PDA10CS2,1300.2799997329712,0.005560879326916984,1,1772321214.6712587
PDA10CS2,1300.289999961853,0.0065477447362392305,1,1772321214.6762588
PDA10CS2,1300.2999997138977,0.004902969054741052,1,1772321214.6812587
PDA10CS2,1300.3099999427795,0.004574013918864722,1,1772321214.6862588
PDA10CS2,1300.3199996948242,0.005560879326916984,1,1772321214.6912587
PDA10CS2,1300.329999923706,0.005560879326916984,1,1772321214.6962588
PDA10CS2,1300.340000152588,0.005560879326916984,1,1772321214.701259
PDA10CS2,1300.3499999046326,0.004902969054741052,1,1772321214.7062588
PDA10CS2,1300.3600001335144,0.0052319241907584635,1,1772321214.711259
PDA10CS2,1300.369999885559,0.004902969054741052,1,1772321214.7162588
PDA10CS2,1300.380000114441,0.005889834463216614,1,1772321214.7212589
PDA10CS2,1300.3899998664856,0.005889834463216614,1,1772321214.7262588
PDA10CS2,1300.4000000953674,0.004574013918864722,1,1772321214.7312589
PDA10CS2,1300.409999847412,0.005560879326916984,1,1772321214.7362587
PDA10CS2,1300.420000076294,0.004902969054741052,1,1772321214.7412589
PDA10CS2,1300.4299998283386,0.0052319241907584635,1,1772321214.7462587
PDA10CS2,1300.4400000572205,0.0052319241907584635,1,1772321214.7512589
PDA10CS2,1300.4499998092651,0.005560879326916984,1,1772321214.7562587
PDA10CS2,1300.460000038147,0.005560879326916984,1,1772321214.7612588
PDA10CS2,1300.4699997901917,0.005889834463216614,1,1772321214.7662587
PDA10CS2,1300.4800000190735,0.005889834463216614,1,1772321214.7712588
PDA10CS2,1300.4899997711182,0.005889834463216614,1,1772321214.7762587
PDA10CS2,1300.5,0.005889834463216614,1,1772321214.7812588
PDA10CS2,1300.5099997520447,0.0052319241907584635,1,1772321214.7862587
PDA10CS2,1300.5199999809265,0.0052319241907584635,1,1772321214.7912588
PDA10CS2,1300.5299997329712,0.005889834463216614,1,1772321214.7962587
PDA10CS2,1300.539999961853,0.0052319241907584635,1,1772321214.8012588
PDA10CS2,1300.5499997138977,0.0065477447362392305,1,1772321214.8062587
PDA10CS2,1300.5599999427795,0.005560879326916984,1,1772321214.8112588
PDA10CS2,1300.5699996948242,0.004902969054741052,1,1772321214.8162587
PDA10CS2,1300.579999923706,0.005560879326916984,1,1772321214.8212588
PDA10CS2,1300.5899996757507,0.004902969054741052,1,1772321214.8262587
PDA10CS2,1300.5999999046326,0.0052319241907584635,1,1772321214.8312588
PDA10CS2,1300.6099996566772,0.004902969054741052,1,1772321214.8362586
PDA10CS2,1300.619999885559,0.006218789599657354,1,1772321214.8412588
PDA10CS2,1300.6299996376038,0.0052319241907584635,1,1772321214.8462586
PDA10CS2,1300.6399998664856,0.004574013918864722,1,1772321214.8512588
PDA10CS2,1300.6499996185303,0.005560879326916984,1,1772321214.8562586
PDA10CS2,1300.659999847412,0.005889834463216614,1,1772321214.8612587
PDA10CS2,1300.670000076294,0.004902969054741052,1,1772321214.8662589
PDA10CS2,1300.6799998283386,0.004902969054741052,1,1772321214.8712587
PDA10CS2,1300.6900000572205,0.006218789599657354,1,1772321214.8762589
PDA10CS2,1300.6999998092651,0.004902969054741052,1,1772321214.8812587
PDA10CS2,1300.710000038147,0.004902969054741052,1,1772321214.8862588
PDA10CS2,1300.7199997901917,0.0052319241907584635,1,1772321214.8912587
PDA10CS2,1300.7300000190735,0.004902969054741052,1,1772321214.8962588
PDA10CS2,1300.7399997711182,0.004902969054741052,1,1772321214.9012587
PDA10CS2,1300.75,0.006218789599657354,1,1772321214.9062588
PDA10CS2,1300.7599997520447,0.0052319241907584635,1,1772321214.9112587
PDA10CS2,1300.7699999809265,0.004902969054741052,1,1772321214.9162588
PDA10CS2,1300.7799997329712,0.005560879326916984,1,1772321214.9212587
PDA10CS2,1300.789999961853,0.005560879326916984,1,1772321214.9262588
PDA10CS2,1300.7999997138977,0.005889834463216614,1,1772321214.9312587
PDA10CS2,1300.8099999427795,0.0052319241907584635,1,1772321214.9362588
PDA10CS2,1300.8199996948242,0.004902969054741052,1,1772321214.9412587
PDA10CS2,1300.829999923706,0.004902969054741052,1,1772321214.9462588
PDA10CS2,1300.8399996757507,0.0052319241907584635,1,1772321214.9512587
PDA10CS2,1300.8499999046326,0.006218789599657354,1,1772321214.9562588
PDA10CS2,1300.8599996566772,0.005560879326916984,1,1772321214.9612586
PDA10CS2,1300.869999885559,0.0052319241907584635,1,1772321214.9662588
PDA10CS2,1300.8799996376038,0.004902969054741052,1,1772321214.9712586
PDA10CS2,1300.8899998664856,0.0052319241907584635,1,1772321214.9762588
PDA10CS2,1300.8999996185303,0.004574013918864722,1,1772321214.9812586
PDA10CS2,1300.909999847412,0.004902969054741052,1,1772321214.9862587
PDA10CS2,1300.9199995994568,0.004902969054741052,1,1772321214.9912586
PDA10CS2,1300.9299998283386,0.005560879326916984,1,1772321214.9962587
PDA10CS2,1300.9399995803833,0.0052319241907584635,1,1772321215.0012586
PDA10CS2,1300.9499998092651,0.005889834463216614,1,1772321215.0062587
PDA10CS2,1300.9599995613098,0.005889834463216614,1,1772321215.0112586
PDA10CS2,1300.9699997901917,0.0052319241907584635,1,1772321215.0162587
PDA10CS2,1300.9799995422363,0.005889834463216614,1,1772321215.0212586
PDA10CS2,1300.9899997711182,0.004902969054741052,1,1772321215.0262587
PDA10CS2,1301.0,0.004574013918864722,1,1772321215.0312588
PDA10CS2,1301.0100002288818,0.004902969054741052,1,1772321215.036259
PDA10CS2,1301.0199999809265,0.005889834463216614,1,1772321215.0412588
PDA10CS2,1301.0300002098083,0.0052319241907584635,1,1772321215.046259
PDA10CS2,1301.039999961853,0.005560879326916984,1,1772321215.0512588
PDA10CS2,1301.0500001907349,0.005560879326916984,1,1772321215.056259
PDA10CS2,1301.0599999427795,0.0052319241907584635,1,1772321215.0612588
PDA10CS2,1301.0700001716614,0.0052319241907584635,1,1772321215.066259
PDA10CS2,1301.079999923706,0.005889834463216614,1,1772321215.0712588
PDA10CS2,1301.090000152588,0.0052319241907584635,1,1772321215.076259
PDA10CS2,1301.0999999046326,0.005560879326916984,1,1772321215.0812588
PDA10CS2,1301.1100001335144,0.006218789599657354,1,1772321215.086259
PDA10CS2,1301.119999885559,0.005560879326916984,1,1772321215.0912588
PDA10CS2,1301.130000114441,0.006218789599657354,1,1772321215.0962589
PDA10CS2,1301.1399998664856,0.0052319241907584635,1,1772321215.1012588
PDA10CS2,1301.1500000953674,0.005889834463216614,1,1772321215.1062589
PDA10CS2,1301.159999847412,0.005889834463216614,1,1772321215.1112587
PDA10CS2,1301.170000076294,0.004902969054741052,1,1772321215.1162589
PDA10CS2,1301.1799998283386,0.004902969054741052,1,1772321215.1212587
PDA10CS2,1301.1900000572205,0.005889834463216614,1,1772321215.1262589
PDA10CS2,1301.1999998092651,0.005560879326916984,1,1772321215.1312587
PDA10CS2,1301.210000038147,0.004902969054741052,1,1772321215.1362588
PDA10CS2,1301.2199997901917,0.0052319241907584635,1,1772321215.1412587
PDA10CS2,1301.2300000190735,0.005889834463216614,1,1772321215.1462588
PDA10CS2,1301.2399997711182,0.005560879326916984,1,1772321215.1512587
PDA10CS2,1301.25,0.005889834463216614,1,1772321215.1562588
PDA10CS2,1301.2599997520447,0.005889834463216614,1,1772321215.1612587
PDA10CS2,1301.2699999809265,0.0052319241907584635,1,1772321215.1662588
PDA10CS2,1301.2799997329712,0.004902969054741052,1,1772321215.1712587
PDA10CS2,1301.289999961853,0.004902969054741052,1,1772321215.1762588
PDA10CS2,1301.2999997138977,0.004574013918864722,1,1772321215.1812587
PDA10CS2,1301.3099999427795,0.0052319241907584635,1,1772321215.1862588
PDA10CS2,1301.3199996948242,0.005889834463216614,1,1772321215.1912587
PDA10CS2,1301.329999923706,0.005560879326916984,1,1772321215.1962588
PDA10CS2,1301.340000152588,0.005889834463216614,1,1772321215.201259
PDA10CS2,1301.3499999046326,0.005889834463216614,1,1772321215.2062588
PDA10CS2,1301.3600001335144,0.005889834463216614,1,1772321215.211259
PDA10CS2,1301.369999885559,0.005560879326916984,1,1772321215.2162588
PDA10CS2,1301.380000114441,0.00358714851208225,1,1772321215.2212589
PDA10CS2,1301.3899998664856,0.006876699872962244,1,1772321215.2262588
PDA10CS2,1301.4000000953674,0.004902969054741052,1,1772321215.2312589
PDA10CS2,1301.409999847412,0.005560879326916984,1,1772321215.2362587
PDA10CS2,1301.420000076294,0.004902969054741052,1,1772321215.2412589
PDA10CS2,1301.4299998283386,0.004902969054741052,1,1772321215.2462587
PDA10CS2,1301.4400000572205,0.005560879326916984,1,1772321215.2512589
PDA10CS2,1301.4499998092651,0.004902969054741052,1,1772321215.2562587
PDA10CS2,1301.460000038147,0.005560879326916984,1,1772321215.2612588
PDA10CS2,1301.4699997901917,0.005889834463216614,1,1772321215.2662587
PDA10CS2,1301.4800000190735,0.005560879326916984,1,1772321215.2712588
PDA10CS2,1301.4899997711182,0.006218789599657354,1,1772321215.2762587
PDA10CS2,1301.5,0.0052319241907584635,1,1772321215.2812588
PDA10CS2,1301.5099997520447,0.004574013918864722,1,1772321215.2862587
PDA10CS2,1301.5199999809265,0.005560879326916984,1,1772321215.2912588
PDA10CS2,1301.5299997329712,0.005889834463216614,1,1772321215.2962587
PDA10CS2,1301.539999961853,0.005889834463216614,1,1772321215.3012588
PDA10CS2,1301.5499997138977,0.0052319241907584635,1,1772321215.3062587
PDA10CS2,1301.5599999427795,0.0052319241907584635,1,1772321215.3112588
PDA10CS2,1301.5699996948242,0.006218789599657354,1,1772321215.3162587
PDA10CS2,1301.579999923706,0.005560879326916984,1,1772321215.3212588
PDA10CS2,1301.5899996757507,0.0052319241907584635,1,1772321215.3262587
PDA10CS2,1301.5999999046326,0.005560879326916984,1,1772321215.3312588
PDA10CS2,1301.6099996566772,0.005889834463216614,1,1772321215.3362586
PDA10CS2,1301.619999885559,0.004574013918864722,1,1772321215.3412588
PDA10CS2,1301.6299996376038,0.004902969054741052,1,1772321215.3462586
PDA10CS2,1301.6399998664856,0.004574013918864722,1,1772321215.3512588
PDA10CS2,1301.6499996185303,0.004245058783129502,1,1772321215.3562586
PDA10CS2,1301.659999847412,0.0052319241907584635,1,1772321215.3612587
PDA10CS2,1301.670000076294,0.005889834463216614,1,1772321215.3662589
PDA10CS2,1301.6799998283386,0.004902969054741052,1,1772321215.3712587
PDA10CS2,1301.6900000572205,0.003916103647535335,1,1772321215.3762589
PDA10CS2,1301.6999998092651,0.005560879326916984,1,1772321215.3812587
PDA10CS2,1301.710000038147,0.005889834463216614,1,1772321215.3862588
PDA10CS2,1301.7199997901917,0.0052319241907584635,1,1772321215.3912587
PDA10CS2,1301.7300000190735,0.004902969054741052,1,1772321215.3962588
PDA10CS2,1301.7399997711182,0.0052319241907584635,1,1772321215.4012587
PDA10CS2,1301.75,0.0052319241907584635,1,1772321215.4062588
PDA10CS2,1301.7599997520447,0.004574013918864722,1,1772321215.4112587
PDA10CS2,1301.7699999809265,0.0052319241907584635,1,1772321215.4162588
PDA10CS2,1301.7799997329712,0.005560879326916984,1,1772321215.4212587
PDA10CS2,1301.789999961853,0.004902969054741052,1,1772321215.4262588
PDA10CS2,1301.7999997138977,0.0052319241907584635,1,1772321215.4312587
PDA10CS2,1301.8099999427795,0.0052319241907584635,1,1772321215.4362588
PDA10CS2,1301.8199996948242,0.0052319241907584635,1,1772321215.4412587
PDA10CS2,1301.829999923706,0.004902969054741052,1,1772321215.4462588
PDA10CS2,1301.8399996757507,0.005889834463216614,1,1772321215.4512587
PDA10CS2,1301.8499999046326,0.004902969054741052,1,1772321215.4562588
PDA10CS2,1301.8599996566772,0.005560879326916984,1,1772321215.4612586
PDA10CS2,1301.869999885559,0.0052319241907584635,1,1772321215.4662588
PDA10CS2,1301.8799996376038,0.004902969054741052,1,1772321215.4712586
PDA10CS2,1301.8899998664856,0.0052319241907584635,1,1772321215.4762588
PDA10CS2,1301.8999996185303,0.004902969054741052,1,1772321215.4812586
PDA10CS2,1301.909999847412,0.005889834463216614,1,1772321215.4862587
PDA10CS2,1301.9199995994568,0.006218789599657354,1,1772321215.4912586
PDA10CS2,1301.9299998283386,0.004902969054741052,1,1772321215.4962587
PDA10CS2,1301.9399995803833,0.0052319241907584635,1,1772321215.5012586
PDA10CS2,1301.9499998092651,0.004574013918864722,1,1772321215.5062587
PDA10CS2,1301.9599995613098,0.005560879326916984,1,1772321215.5112586
PDA10CS2,1301.9699997901917,0.005560879326916984,1,1772321215.5162587
PDA10CS2,1301.9799995422363,0.005560879326916984,1,1772321215.5212586
PDA10CS2,1301.9899997711182,0.004902969054741052,1,1772321215.5262587
PDA10CS2,1302.0,0.004902969054741052,1,1772321215.5312588
PDA10CS2,1302.0100002288818,0.005560879326916984,1,1772321215.536259
PDA10CS2,1302.0199999809265,0.004902969054741052,1,1772321215.5412588
PDA10CS2,1302.0300002098083,0.005560879326916984,1,1772321215.546259
PDA10CS2,1302.039999961853,0.005889834463216614,1,1772321215.5512588
PDA10CS2,1302.0500001907349,0.005560879326916984,1,1772321215.556259
PDA10CS2,1302.0599999427795,0.0052319241907584635,1,1772321215.5612588
PDA10CS2,1302.0700001716614,0.004574013918864722,1,1772321215.566259
PDA10CS2,1302.079999923706,0.004574013918864722,1,1772321215.5712588
PDA10CS2,1302.090000152588,0.006218789599657354,1,1772321215.576259
PDA10CS2,1302.0999999046326,0.0052319241907584635,1,1772321215.5812588
PDA10CS2,1302.1100001335144,0.003916103647535335,1,1772321215.586259
PDA10CS2,1302.119999885559,0.005889834463216614,1,1772321215.5912588
PDA10CS2,1302.130000114441,0.004902969054741052,1,1772321215.5962589
PDA10CS2,1302.1399998664856,0.004902969054741052,1,1772321215.6012588
PDA10CS2,1302.1500000953674,0.0052319241907584635,1,1772321215.6062589
PDA10CS2,1302.159999847412,0.0052319241907584635,1,1772321215.6112587
PDA10CS2,1302.170000076294,0.004574013918864722,1,1772321215.6162589
PDA10CS2,1302.1799998283386,0.006218789599657354,1,1772321215.6212587
PDA10CS2,1302.1900000572205,0.004574013918864722,1,1772321215.6262589
PDA10CS2,1302.1999998092651,0.005560879326916984,1,1772321215.6312587
PDA10CS2,1302.210000038147,0.005889834463216614,1,1772321215.6362588
PDA10CS2,1302.2199997901917,0.0052319241907584635,1,1772321215.6412587
PDA10CS2,1302.2300000190735,0.004574013918864722,1,1772321215.6462588
PDA10CS2,1302.2399997711182,0.004574013918864722,1,1772321215.6512587
PDA10CS2,1302.25,0.004902969054741052,1,1772321215.6562588
PDA10CS2,1302.2599997520447,0.0052319241907584635,1,1772321215.6612587
PDA10CS2,1302.2699999809265,0.0052319241907584635,1,1772321215.6662588
PDA10CS2,1302.2799997329712,0.0052319241907584635,1,1772321215.6712587
PDA10CS2,1302.289999961853,0.005889834463216614,1,1772321215.6762588
PDA10CS2,1302.2999997138977,0.0052319241907584635,1,1772321215.6812587
PDA10CS2,1302.3099999427795,0.005889834463216614,1,1772321215.6862588
PDA10CS2,1302.3199996948242,0.005560879326916984,1,1772321215.6912587
PDA10CS2,1302.329999923706,0.005560879326916984,1,1772321215.6962588
PDA10CS2,1302.340000152588,0.005560879326916984,1,1772321215.701259
PDA10CS2,1302.3499999046326,0.004574013918864722,1,1772321215.7062588
PDA10CS2,1302.3600001335144,0.0052319241907584635,1,1772321215.711259
PDA10CS2,1302.369999885559,0.005560879326916984,1,1772321215.7162588
PDA10CS2,1302.380000114441,0.0052319241907584635,1,1772321215.7212589
PDA10CS2,1302.3899998664856,0.004902969054741052,1,1772321215.7262588
PDA10CS2,1302.4000000953674,0.004574013918864722,1,1772321215.7312589
PDA10CS2,1302.409999847412,0.0052319241907584635,1,1772321215.7362587
PDA10CS2,1302.420000076294,0.005889834463216614,1,1772321215.7412589
PDA10CS2,1302.4299998283386,0.0052319241907584635,1,1772321215.7462587
PDA10CS2,1302.4400000572205,0.0052319241907584635,1,1772321215.7512589
PDA10CS2,1302.4499998092651,0.0052319241907584635,1,1772321215.7562587
PDA10CS2,1302.460000038147,0.006218789599657354,1,1772321215.7612588
PDA10CS2,1302.4699997901917,0.004902969054741052,1,1772321215.7662587
PDA10CS2,1302.4800000190735,0.005560879326916984,1,1772321215.7712588
PDA10CS2,1302.4899997711182,0.005560879326916984,1,1772321215.7762587
PDA10CS2,1302.5,0.0052319241907584635,1,1772321215.7812588
PDA10CS2,1302.5099997520447,0.0052319241907584635,1,1772321215.7862587
PDA10CS2,1302.5199999809265,0.004902969054741052,1,1772321215.7912588
PDA10CS2,1302.5299997329712,0.004245058783129502,1,1772321215.7962587
PDA10CS2,1302.539999961853,0.004574013918864722,1,1772321215.8012588
PDA10CS2,1302.5499997138977,0.004902969054741052,1,1772321215.8062587
PDA10CS2,1302.5599999427795,0.005560879326916984,1,1772321215.8112588
PDA10CS2,1302.5699996948242,0.0052319241907584635,1,1772321215.8162587
PDA10CS2,1302.579999923706,0.005889834463216614,1,1772321215.8212588
PDA10CS2,1302.5899996757507,0.004902969054741052,1,1772321215.8262587
PDA10CS2,1302.5999999046326,0.005889834463216614,1,1772321215.8312588
PDA10CS2,1302.6099996566772,0.005560879326916984,1,1772321215.8362586
PDA10CS2,1302.619999885559,0.006218789599657354,1,1772321215.8412588
PDA10CS2,1302.6299996376038,0.0052319241907584635,1,1772321215.8462586
PDA10CS2,1302.6399998664856,0.0052319241907584635,1,1772321215.8512588
PDA10CS2,1302.6499996185303,0.004574013918864722,1,1772321215.8562586
PDA10CS2,1302.659999847412,0.005560879326916984,1,1772321215.8612587
PDA10CS2,1302.670000076294,0.004902969054741052,1,1772321215.8662589
PDA10CS2,1302.6799998283386,0.005560879326916984,1,1772321215.8712587
PDA10CS2,1302.6900000572205,0.005560879326916984,1,1772321215.8762589
PDA10CS2,1302.6999998092651,0.005560879326916984,1,1772321215.8812587
PDA10CS2,1302.710000038147,0.0052319241907584635,1,1772321215.8862588
PDA10CS2,1302.7199997901917,0.005560879326916984,1,1772321215.8912587
PDA10CS2,1302.7300000190735,0.005560879326916984,1,1772321215.8962588
PDA10CS2,1302.7399997711182,0.004574013918864722,1,1772321215.9012587
PDA10CS2,1302.75,0.005560879326916984,1,1772321215.9062588
PDA10CS2,1302.7599997520447,0.005889834463216614,1,1772321215.9112587
PDA10CS2,1302.7699999809265,0.005560879326916984,1,1772321215.9162588
PDA10CS2,1302.7799997329712,0.006218789599657354,1,1772321215.9212587
PDA10CS2,1302.789999961853,0.005560879326916984,1,1772321215.9262588
PDA10CS2,1302.7999997138977,0.003916103647535335,1,1772321215.9312587
PDA10CS2,1302.8099999427795,0.004902969054741052,1,1772321215.9362588
PDA10CS2,1302.8199996948242,0.005889834463216614,1,1772321215.9412587
PDA10CS2,1302.829999923706,0.005560879326916984,1,1772321215.9462588
PDA10CS2,1302.8399996757507,0.004902969054741052,1,1772321215.9512587
PDA10CS2,1302.8499999046326,0.0052319241907584635,1,1772321215.9562588
PDA10CS2,1302.8599996566772,0.0052319241907584635,1,1772321215.9612586
PDA10CS2,1302.869999885559,0.004902969054741052,1,1772321215.9662588
PDA10CS2,1302.8799996376038,0.004574013918864722,1,1772321215.9712586
PDA10CS2,1302.8899998664856,0.0052319241907584635,1,1772321215.9762588
PDA10CS2,1302.8999996185303,0.0052319241907584635,1,1772321215.9812586
PDA10CS2,1302.909999847412,0.004902969054741052,1,1772321215.9862587
PDA10CS2,1302.9199995994568,0.004574013918864722,1,1772321215.9912586
PDA10CS2,1302.9299998283386,0.004245058783129502,1,1772321215.9962587
PDA10CS2,1302.9399995803833,0.005560879326916984,1,1772321216.0012586
PDA10CS2,1302.9499998092651,0.0052319241907584635,1,1772321216.0062587
PDA10CS2,1302.9599995613098,0.005889834463216614,1,1772321216.0112586
PDA10CS2,1302.9699997901917,0.005560879326916984,1,1772321216.0162587
PDA10CS2,1302.9799995422363,0.005560879326916984,1,1772321216.0212586
PDA10CS2,1302.9899997711182,0.0052319241907584635,1,1772321216.0262587
PDA10CS2,1303.0,0.005560879326916984,1,1772321216.0312588
PDA10CS2,1303.0100002288818,0.004574013918864722,1,1772321216.036259
PDA10CS2,1303.0199999809265,0.0052319241907584635,1,1772321216.0412588
PDA10CS2,1303.0300002098083,0.0052319241907584635,1,1772321216.046259
PDA10CS2,1303.039999961853,0.005560879326916984,1,1772321216.0512588
PDA10CS2,1303.0500001907349,0.004902969054741052,1,1772321216.056259
PDA10CS2,1303.0599999427795,0.004574013918864722,1,1772321216.0612588
PDA10CS2,1303.0700001716614,0.004902969054741052,1,1772321216.066259
PDA10CS2,1303.079999923706,0.0052319241907584635,1,1772321216.0712588
PDA10CS2,1303.090000152588,0.004902969054741052,1,1772321216.076259
PDA10CS2,1303.0999999046326,0.004245058783129502,1,1772321216.0812588
PDA10CS2,1303.1100001335144,0.005560879326916984,1,1772321216.086259
PDA10CS2,1303.119999885559,0.0052319241907584635,1,1772321216.0912588
PDA10CS2,1303.130000114441,0.004902969054741052,1,1772321216.0962589
PDA10CS2,1303.1399998664856,0.005560879326916984,1,1772321216.1012588
PDA10CS2,1303.1500000953674,0.0052319241907584635,1,1772321216.1062589
PDA10CS2,1303.159999847412,0.005889834463216614,1,1772321216.1112587
PDA10CS2,1303.170000076294,0.005889834463216614,1,1772321216.1162589
PDA10CS2,1303.1799998283386,0.004902969054741052,1,1772321216.1212587
PDA10CS2,1303.1900000572205,0.0052319241907584635,1,1772321216.1262589
PDA10CS2,1303.1999998092651,0.006218789599657354,1,1772321216.1312587
PDA10CS2,1303.210000038147,0.006218789599657354,1,1772321216.1362588
PDA10CS2,1303.2199997901917,0.003916103647535335,1,1772321216.1412587
PDA10CS2,1303.2300000190735,0.005560879326916984,1,1772321216.1462588
PDA10CS2,1303.2399997711182,0.004902969054741052,1,1772321216.1512587
PDA10CS2,1303.25,0.0052319241907584635,1,1772321216.1562588
PDA10CS2,1303.2599997520447,0.004902969054741052,1,1772321216.1612587
PDA10CS2,1303.2699999809265,0.0052319241907584635,1,1772321216.1662588
PDA10CS2,1303.2799997329712,0.0052319241907584635,1,1772321216.1712587
PDA10CS2,1303.289999961853,0.004245058783129502,1,1772321216.1762588
PDA10CS2,1303.2999997138977,0.005889834463216614,1,1772321216.1812587
PDA10CS2,1303.3099999427795,0.006218789599657354,1,1772321216.1862588
PDA10CS2,1303.3199996948242,0.004902969054741052,1,1772321216.1912587
PDA10CS2,1303.329999923706,0.0052319241907584635,1,1772321216.1962588
PDA10CS2,1303.340000152588,0.004574013918864722,1,1772321216.201259
PDA10CS2,1303.3499999046326,0.005889834463216614,1,1772321216.2062588
PDA10CS2,1303.3600001335144,0.004574013918864722,1,1772321216.211259
PDA10CS2,1303.369999885559,0.004574013918864722,1,1772321216.2162588
PDA10CS2,1303.380000114441,0.004902969054741052,1,1772321216.2212589
PDA10CS2,1303.3899998664856,0.005560879326916984,1,1772321216.2262588
PDA10CS2,1303.4000000953674,0.005889834463216614,1,1772321216.2312589
PDA10CS2,1303.409999847412,0.0052319241907584635,1,1772321216.2362587
PDA10CS2,1303.420000076294,0.006218789599657354,1,1772321216.2412589
PDA10CS2,1303.4299998283386,0.005889834463216614,1,1772321216.2462587
PDA10CS2,1303.4400000572205,0.005560879326916984,1,1772321216.2512589
PDA10CS2,1303.4499998092651,0.005560879326916984,1,1772321216.2562587
PDA10CS2,1303.460000038147,0.0052319241907584635,1,1772321216.2612588
PDA10CS2,1303.4699997901917,0.004902969054741052,1,1772321216.2662587
PDA10CS2,1303.4800000190735,0.004902969054741052,1,1772321216.2712588
PDA10CS2,1303.4899997711182,0.003916103647535335,1,1772321216.2762587
PDA10CS2,1303.5,0.003916103647535335,1,1772321216.2812588
PDA10CS2,1303.5099997520447,0.004902969054741052,1,1772321216.2862587
PDA10CS2,1303.5199999809265,0.004902969054741052,1,1772321216.2912588
PDA10CS2,1303.5299997329712,0.004245058783129502,1,1772321216.2962587
PDA10CS2,1303.539999961853,0.004245058783129502,1,1772321216.3012588
PDA10CS2,1303.5499997138977,0.004574013918864722,1,1772321216.3062587
PDA10CS2,1303.5599999427795,0.004245058783129502,1,1772321216.3112588
PDA10CS2,1303.5699996948242,0.004902969054741052,1,1772321216.3162587
PDA10CS2,1303.579999923706,0.005560879326916984,1,1772321216.3212588
PDA10CS2,1303.5899996757507,0.005560879326916984,1,1772321216.3262587
PDA10CS2,1303.5999999046326,0.005889834463216614,1,1772321216.3312588
PDA10CS2,1303.6099996566772,0.005889834463216614,1,1772321216.3362586
PDA10CS2,1303.619999885559,0.004574013918864722,1,1772321216.3412588
PDA10CS2,1303.6299996376038,0.005889834463216614,1,1772321216.3462586
PDA10CS2,1303.6399998664856,0.006218789599657354,1,1772321216.3512588
PDA10CS2,1303.6499996185303,0.005560879326916984,1,1772321216.3562586
PDA10CS2,1303.659999847412,0.0052319241907584635,1,1772321216.3612587
PDA10CS2,1303.670000076294,0.005560879326916984,1,1772321216.3662589
PDA10CS2,1303.6799998283386,0.0052319241907584635,1,1772321216.3712587
PDA10CS2,1303.6900000572205,0.005889834463216614,1,1772321216.3762589
PDA10CS2,1303.6999998092651,0.004245058783129502,1,1772321216.3812587
PDA10CS2,1303.710000038147,0.004902969054741052,1,1772321216.3862588
PDA10CS2,1303.7199997901917,0.004902969054741052,1,1772321216.3912587
PDA10CS2,1303.7300000190735,0.0052319241907584635,1,1772321216.3962588
PDA10CS2,1303.7399997711182,0.005560879326916984,1,1772321216.4012587
PDA10CS2,1303.75,0.004902969054741052,1,1772321216.4062588
PDA10CS2,1303.7599997520447,0.0052319241907584635,1,1772321216.4112587
PDA10CS2,1303.7699999809265,0.004574013918864722,1,1772321216.4162588
PDA10CS2,1303.7799997329712,0.005889834463216614,1,1772321216.4212587
PDA10CS2,1303.789999961853,0.005889834463216614,1,1772321216.4262588
PDA10CS2,1303.7999997138977,0.004574013918864722,1,1772321216.4312587
PDA10CS2,1303.8099999427795,0.005889834463216614,1,1772321216.4362588
PDA10CS2,1303.8199996948242,0.005560879326916984,1,1772321216.4412587
PDA10CS2,1303.829999923706,0.006218789599657354,1,1772321216.4462588
PDA10CS2,1303.8399996757507,0.006218789599657354,1,1772321216.4512587
PDA10CS2,1303.8499999046326,0.004902969054741052,1,1772321216.4562588
PDA10CS2,1303.8599996566772,0.0052319241907584635,1,1772321216.4612586
PDA10CS2,1303.869999885559,0.004574013918864722,1,1772321216.4662588
PDA10CS2,1303.8799996376038,0.005889834463216614,1,1772321216.4712586
PDA10CS2,1303.8899998664856,0.004245058783129502,1,1772321216.4762588
PDA10CS2,1303.8999996185303,0.004902969054741052,1,1772321216.4812586
PDA10CS2,1303.909999847412,0.004245058783129502,1,1772321216.4862587
PDA10CS2,1303.9199995994568,0.0065477447362392305,1,1772321216.4912586
PDA10CS2,1303.9299998283386,0.004574013918864722,1,1772321216.4962587
PDA10CS2,1303.9399995803833,0.004574013918864722,1,1772321216.5012586
PDA10CS2,1303.9499998092651,0.006218789599657354,1,1772321216.5062587
PDA10CS2,1303.9599995613098,0.004902969054741052,1,1772321216.5112586
PDA10CS2,1303.9699997901917,0.0052319241907584635,1,1772321216.5162587
PDA10CS2,1303.9799995422363,0.004902969054741052,1,1772321216.5212586
PDA10CS2,1303.9899997711182,0.005889834463216614,1,1772321216.5262587
PDA10CS2,1304.0,0.0052319241907584635,1,1772321216.5312588
PDA10CS2,1304.0100002288818,0.005560879326916984,1,1772321216.536259
PDA10CS2,1304.0199999809265,0.005889834463216614,1,1772321216.5412588
PDA10CS2,1304.0300002098083,0.004574013918864722,1,1772321216.546259
PDA10CS2,1304.039999961853,0.0052319241907584635,1,1772321216.5512588
PDA10CS2,1304.0500001907349,0.0052319241907584635,1,1772321216.556259
PDA10CS2,1304.0599999427795,0.003916103647535335,1,1772321216.5612588
PDA10CS2,1304.0700001716614,0.004902969054741052,1,1772321216.566259
PDA10CS2,1304.079999923706,0.0052319241907584635,1,1772321216.5712588
PDA10CS2,1304.090000152588,0.0052319241907584635,1,1772321216.576259
PDA10CS2,1304.0999999046326,0.005560879326916984,1,1772321216.5812588
PDA10CS2,1304.1100001335144,0.005560879326916984,1,1772321216.586259
PDA10CS2,1304.119999885559,0.005560879326916984,1,1772321216.5912588
PDA10CS2,1304.130000114441,0.005560879326916984,1,1772321216.5962589
PDA10CS2,1304.1399998664856,0.004902969054741052,1,1772321216.6012588
PDA10CS2,1304.1500000953674,0.004902969054741052,1,1772321216.6062589
PDA10CS2,1304.159999847412,0.004574013918864722,1,1772321216.6112587
PDA10CS2,1304.170000076294,0.004902969054741052,1,1772321216.6162589
PDA10CS2,1304.1799998283386,0.005560879326916984,1,1772321216.6212587
PDA10CS2,1304.1900000572205,0.006218789599657354,1,1772321216.6262589
PDA10CS2,1304.1999998092651,0.004245058783129502,1,1772321216.6312587
PDA10CS2,1304.210000038147,0.005889834463216614,1,1772321216.6362588
PDA10CS2,1304.2199997901917,0.005560879326916984,1,1772321216.6412587
PDA10CS2,1304.2300000190735,0.005889834463216614,1,1772321216.6462588
PDA10CS2,1304.2399997711182,0.006218789599657354,1,1772321216.6512587
PDA10CS2,1304.25,0.004902969054741052,1,1772321216.6562588
PDA10CS2,1304.2599997520447,0.005560879326916984,1,1772321216.6612587
PDA10CS2,1304.2699999809265,0.005560879326916984,1,1772321216.6662588
PDA10CS2,1304.2799997329712,0.004574013918864722,1,1772321216.6712587
PDA10CS2,1304.289999961853,0.006218789599657354,1,1772321216.6762588
PDA10CS2,1304.2999997138977,0.005889834463216614,1,1772321216.6812587
PDA10CS2,1304.3099999427795,0.005560879326916984,1,1772321216.6862588
PDA10CS2,1304.3199996948242,0.0052319241907584635,1,1772321216.6912587
PDA10CS2,1304.329999923706,0.0052319241907584635,1,1772321216.6962588
PDA10CS2,1304.340000152588,0.0052319241907584635,1,1772321216.701259
PDA10CS2,1304.3499999046326,0.006218789599657354,1,1772321216.7062588
PDA10CS2,1304.3600001335144,0.0052319241907584635,1,1772321216.711259
PDA10CS2,1304.369999885559,0.004902969054741052,1,1772321216.7162588
PDA10CS2,1304.380000114441,0.0052319241907584635,1,1772321216.7212589
PDA10CS2,1304.3899998664856,0.004574013918864722,1,1772321216.7262588
PDA10CS2,1304.4000000953674,0.005889834463216614,1,1772321216.7312589
PDA10CS2,1304.409999847412,0.004902969054741052,1,1772321216.7362587
PDA10CS2,1304.420000076294,0.004574013918864722,1,1772321216.7412589
PDA10CS2,1304.4299998283386,0.0052319241907584635,1,1772321216.7462587
PDA10CS2,1304.4400000572205,0.005889834463216614,1,1772321216.7512589
PDA10CS2,1304.4499998092651,0.0052319241907584635,1,1772321216.7562587
PDA10CS2,1304.460000038147,0.006218789599657354,1,1772321216.7612588
PDA10CS2,1304.4699997901917,0.006218789599657354,1,1772321216.7662587
PDA10CS2,1304.4800000190735,0.005889834463216614,1,1772321216.7712588
PDA10CS2,1304.4899997711182,0.005560879326916984,1,1772321216.7762587
PDA10CS2,1304.5,0.0052319241907584635,1,1772321216.7812588
PDA10CS2,1304.5099997520447,0.005560879326916984,1,1772321216.7862587
PDA10CS2,1304.5199999809265,0.004902969054741052,1,1772321216.7912588
PDA10CS2,1304.5299997329712,0.0052319241907584635,1,1772321216.7962587
PDA10CS2,1304.539999961853,0.004902969054741052,1,1772321216.8012588
PDA10CS2,1304.5499997138977,0.004574013918864722,1,1772321216.8062587
PDA10CS2,1304.5599999427795,0.005889834463216614,1,1772321216.8112588
PDA10CS2,1304.5699996948242,0.004245058783129502,1,1772321216.8162587
PDA10CS2,1304.579999923706,0.005889834463216614,1,1772321216.8212588
PDA10CS2,1304.5899996757507,0.0052319241907584635,1,1772321216.8262587
PDA10CS2,1304.5999999046326,0.0052319241907584635,1,1772321216.8312588
PDA10CS2,1304.6099996566772,0.0052319241907584635,1,1772321216.8362586
PDA10CS2,1304.619999885559,0.006218789599657354,1,1772321216.8412588
PDA10CS2,1304.6299996376038,0.004902969054741052,1,1772321216.8462586
PDA10CS2,1304.6399998664856,0.005889834463216614,1,1772321216.8512588
PDA10CS2,1304.6499996185303,0.006218789599657354,1,1772321216.8562586
PDA10CS2,1304.659999847412,0.004902969054741052,1,1772321216.8612587
PDA10CS2,1304.670000076294,0.0052319241907584635,1,1772321216.8662589
PDA10CS2,1304.6799998283386,0.005560879326916984,1,1772321216.8712587
PDA10CS2,1304.6900000572205,0.006218789599657354,1,1772321216.8762589
PDA10CS2,1304.6999998092651,0.005560879326916984,1,1772321216.8812587
PDA10CS2,1304.710000038147,0.005560879326916984,1,1772321216.8862588
PDA10CS2,1304.7199997901917,0.004574013918864722,1,1772321216.8912587
PDA10CS2,1304.7300000190735,0.005560879326916984,1,1772321216.8962588
PDA10CS2,1304.7399997711182,0.0052319241907584635,1,1772321216.9012587
PDA10CS2,1304.75,0.005560879326916984,1,1772321216.9062588
PDA10CS2,1304.7599997520447,0.0052319241907584635,1,1772321216.9112587
PDA10CS2,1304.7699999809265,0.003916103647535335,1,1772321216.9162588
PDA10CS2,1304.7799997329712,0.006218789599657354,1,1772321216.9212587
PDA10CS2,1304.789999961853,0.005560879326916984,1,1772321216.9262588
PDA10CS2,1304.7999997138977,0.005560879326916984,1,1772321216.9312587
PDA10CS2,1304.8099999427795,0.005560879326916984,1,1772321216.9362588
PDA10CS2,1304.8199996948242,0.005889834463216614,1,1772321216.9412587
PDA10CS2,1304.829999923706,0.004902969054741052,1,1772321216.9462588
PDA10CS2,1304.8399996757507,0.0052319241907584635,1,1772321216.9512587
PDA10CS2,1304.8499999046326,0.005560879326916984,1,1772321216.9562588
PDA10CS2,1304.8599996566772,0.0052319241907584635,1,1772321216.9612586
PDA10CS2,1304.869999885559,0.006218789599657354,1,1772321216.9662588
PDA10CS2,1304.8799996376038,0.004574013918864722,1,1772321216.9712586
PDA10CS2,1304.8899998664856,0.005560879326916984,1,1772321216.9762588
PDA10CS2,1304.8999996185303,0.004902969054741052,1,1772321216.9812586
PDA10CS2,1304.909999847412,0.0052319241907584635,1,1772321216.9862587
PDA10CS2,1304.9199995994568,0.005560879326916984,1,1772321216.9912586
PDA10CS2,1304.9299998283386,0.005560879326916984,1,1772321216.9962587
PDA10CS2,1304.9399995803833,0.0052319241907584635,1,1772321217.0012586
PDA10CS2,1304.9499998092651,0.0052319241907584635,1,1772321217.0062587
PDA10CS2,1304.9599995613098,0.005560879326916984,1,1772321217.0112586
PDA10CS2,1304.9699997901917,0.0052319241907584635,1,1772321217.0162587
PDA10CS2,1304.9799995422363,0.005560879326916984,1,1772321217.0212586
PDA10CS2,1304.9899997711182,0.004574013918864722,1,1772321217.0262587
PDA10CS2,1305.0,0.0052319241907584635,1,1772321217.0312588
PDA10CS2,1305.0,0.0052319241907584635,1,1772321217.036259
PDA10CS2,1305.0,0.005560879326916984,1,1772321217.0412588
PDA10CS2,1305.0,0.004902969054741052,1,1772321217.046259
PDA10CS2,1305.0,0.005889834463216614,1,1772321217.0512588
PDA10CS2,1305.0,0.0052319241907584635,1,1772321217.056259
PDA10CS2,1305.0,0.005889834463216614,1,1772321217.0612588
PDA10CS2,1305.0,0.004902969054741052,1,1772321217.066259
PDA10CS2,1305.0,0.005889834463216614,1,1772321217.0712588
PDA10CS2,1305.0,0.005560879326916984,1,1772321217.076259
PDA10CS2,1305.0,0.004902969054741052,1,1772321217.0812588
PDA10CS2,1305.0,0.0052319241907584635,1,1772321217.086259
PDA10CS2,1305.0,0.004902969054741052,1,1772321217.0912588
PDA10CS2,1305.0,0.0052319241907584635,1,1772321217.0962589
PDA10CS2,1305.0,0.004902969054741052,1,1772321217.1012588
PDA10CS2,1305.0,0.0052319241907584635,1,1772321217.1062589
PDA10CS2,1305.0,0.004245058783129502,1,1772321217.1112587
PDA10CS2,1305.0,0.005560879326916984,1,1772321217.1162589
PDA10CS2,1305.0,0.0052319241907584635,1,1772321217.1212587
PDA10CS2,1305.0,0.005889834463216614,1,1772321217.1262589
PDA10CS2,1305.0,0.005889834463216614,1,1772321217.1312587
PDA10CS2,1305.0,0.005560879326916984,1,1772321217.1362588
PDA10CS2,1305.0,0.004902969054741052,1,1772321217.1412587
PDA10CS2,1305.0,0.0052319241907584635,1,1772321217.1462588
PDA10CS2,1305.0,0.0052319241907584635,1,1772321217.1512587
PDA10CS2,1305.0,0.006218789599657354,1,1772321217.1562588
PDA10CS2,1305.0,0.005560879326916984,1,1772321217.1612587
PDA10CS2,1305.0,0.005560879326916984,1,1772321217.1662588
PDA10CS2,1305.0,0.0052319241907584635,1,1772321217.1712587
PDA10CS2,1305.0,0.004574013918864722,1,1772321217.1762588
PDA10CS2,1305.0,0.005560879326916984,1,1772321217.1812587
PDA10CS2,1305.0,0.0052319241907584635,1,1772321217.1862588
PDA10CS2,1305.0,0.005560879326916984,1,1772321217.1912587
PDA10CS2,1305.0,0.004902969054741052,1,1772321217.1962588
PDA10CS2,1305.0,0.0052319241907584635,1,1772321217.201259
PDA10CS2,1305.0,0.0052319241907584635,1,1772321217.2062588
PDA10CS2,1305.0,0.005889834463216614,1,1772321217.211259
PDA10CS2,1305.0,0.005560879326916984,1,1772321217.2162588
PDA10CS2,1305.0,0.005560879326916984,1,1772321217.2212589
PDA10CS2,1305.0,0.005560879326916984,1,1772321217.2262588
PDA10CS2,1305.0,0.004902969054741052,1,1772321217.2312589
PDA10CS2,1305.0,0.004574013918864722,1,1772321217.2362587
PDA10CS2,1305.0,0.005889834463216614,1,1772321217.2412589
PDA10CS2,1305.0,0.004574013918864722,1,1772321217.2462587
PDA10CS2,1305.0,0.005560879326916984,1,1772321217.2512589
PDA10CS2,1305.0,0.004245058783129502,1,1772321217.2562587
PDA10CS2,1305.0,0.004574013918864722,1,1772321217.2612588
PDA10CS2,1305.0,0.005560879326916984,1,1772321217.2662587
PDA10CS2,1305.0,0.0052319241907584635,1,1772321217.2712588
PDA10CS2,1305.0,0.004902969054741052,1,1772321217.2762587
PDA10CS2,1305.0,0.005560879326916984,1,1772321217.2812588
PDA10CS2,1305.0,0.0052319241907584635,1,1772321217.2862587
PDA10CS2,1305.0,0.004902969054741052,1,1772321217.2912588
PDA10CS2,1305.0,0.005560879326916984,1,1772321217.2962587
PDA10CS2,1305.0,0.005560879326916984,1,1772321217.3012588
PDA10CS2,1305.0,0.005889834463216614,1,1772321217.3062587
PDA10CS2,1305.0,0.0052319241907584635,1,1772321217.3112588
PDA10CS2,1305.0,0.004902969054741052,1,1772321217.3162587
PDA10CS2,1305.0,0.005560879326916984,1,1772321217.3212588
PDA10CS2,1305.0,0.005560879326916984,1,1772321217.3262587
PDA10CS2,1305.0,0.004902969054741052,1,1772321217.3312588
PDA10CS2,1305.0,0.0052319241907584635,1,1772321217.3362586
PDA10CS2,1305.0,0.004574013918864722,1,1772321217.3412588
PDA10CS2,1305.0,0.004245058783129502,1,1772321217.3462586
PDA10CS2,1305.0,0.005560879326916984,1,1772321217.3512588
PDA10CS2,1305.0,0.004245058783129502,1,1772321217.3562586
PDA10CS2,1305.0,0.004902969054741052,1,1772321217.3612587
PDA10CS2,1305.0,0.0052319241907584635,1,1772321217.3662589
PDA10CS2,1305.0,0.0052319241907584635,1,1772321217.3712587
PDA10CS2,1305.0,0.005560879326916984,1,1772321217.3762589
PDA10CS2,1305.0,0.004574013918864722,1,1772321217.3812587
PDA10CS2,1305.0,0.005560879326916984,1,1772321217.3862588
PDA10CS2,1305.0,0.004902969054741052,1,1772321217.3912587
PDA10CS2,1305.0,0.005560879326916984,1,1772321217.3962588
PDA10CS2,1305.0,0.004574013918864722,1,1772321217.4012587
PDA10CS2,1305.0,0.005560879326916984,1,1772321217.4062588
PDA10CS2,1305.0,0.0052319241907584635,1,1772321217.4112587
PDA10CS2,1305.0,0.005560879326916984,1,1772321217.4162588
PDA10CS2,1305.0,0.0052319241907584635,1,1772321217.4212587
PDA10CS2,1305.0,0.004574013918864722,1,1772321217.4262588
PDA10CS2,1305.0,0.004574013918864722,1,1772321217.4312587
PDA10CS2,1305.0,0.005560879326916984,1,1772321217.4362588
PDA10CS2,1305.0,0.004902969054741052,1,1772321217.4412587
PDA10CS2,1305.0,0.0052319241907584635,1,1772321217.4462588
PDA10CS2,1305.0,0.004902969054741052,1,1772321217.4512587
PDA10CS2,1305.0,0.004902969054741052,1,1772321217.4562588
PDA10CS2,1305.0,0.005560879326916984,1,1772321217.4612586
PDA10CS2,1305.0,0.0052319241907584635,1,1772321217.4662588
PDA10CS2,1305.0,0.004574013918864722,1,1772321217.4712586
PDA10CS2,1305.0,0.003916103647535335,1,1772321217.4762588
PDA10CS2,1305.0,0.0052319241907584635,1,1772321217.4812586
PDA10CS2,1305.0,0.005560879326916984,1,1772321217.4862587
PDA10CS2,1305.0,0.005560879326916984,1,1772321217.4912586
PDA10CS2,1305.0,0.004574013918864722,1,1772321217.4962587
PDA10CS2,1305.0,0.0052319241907584635,1,1772321217.5012586
PDA10CS2,1305.0,0.0052319241907584635,1,1772321217.5062587
PDA10CS2,1305.0,0.0052319241907584635,1,1772321217.5112586
PDA10CS2,1305.0,0.005889834463216614,1,1772321217.5162587
PDA10CS2,1305.0,0.0052319241907584635,1,1772321217.5212586
PDA10CS2,1305.0,0.004574013918864722,1,1772321217.5262587
PDA10CS2,1305.0,0.0052319241907584635,1,1772321217.5312588
PDA10CS2,1305.0,0.0052319241907584635,1,1772321217.536259
PDA10CS2,1305.0,0.004574013918864722,1,1772321217.5412588
PDA10CS2,1305.0,0.005560879326916984,1,1772321217.546259
PDA10CS2,1305.0,0.0065477447362392305,1,1772321217.5512588
PDA10CS2,1305.0,0.005560879326916984,1,1772321217.556259
PDA10CS2,1305.0,0.005889834463216614,1,1772321217.5612588
PDA10CS2,1305.0,0.004574013918864722,1,1772321217.566259
PDA10CS2,1305.0,0.005560879326916984,1,1772321217.5712588
PDA10CS2,1305.0,0.0052319241907584635,1,1772321217.576259
PDA10CS2,1305.0,0.005560879326916984,1,1772321217.5812588
PDA10CS2,1305.0,0.0052319241907584635,1,1772321217.586259
PDA10CS2,1305.0,0.005560879326916984,1,1772321217.5912588
PDA10CS2,1305.0,0.0052319241907584635,1,1772321217.5962589
PDA10CS2,1305.0,0.005560879326916984,1,1772321217.6012588
PDA10CS2,1305.0,0.004902969054741052,1,1772321217.6062589
PDA10CS2,1305.0,0.005889834463216614,1,1772321217.6112587
PDA10CS2,1305.0,0.005560879326916984,1,1772321217.6162589
PDA10CS2,1305.0,0.0052319241907584635,1,1772321217.6212587
PDA10CS2,1305.0,0.0052319241907584635,1,1772321217.6262589
PDA10CS2,1305.0,0.004574013918864722,1,1772321217.6312587
PDA10CS2,1305.0,0.0065477447362392305,1,1772321217.6362588
PDA10CS2,1305.0,0.004574013918864722,1,1772321217.6412587
PDA10CS2,1305.0,0.003916103647535335,1,1772321217.6462588
PDA10CS2,1305.0,0.0052319241907584635,1,1772321217.6512587
PDA10CS2,1305.0,0.0052319241907584635,1,1772321217.6562588
PDA10CS2,1305.0,0.005560879326916984,1,1772321217.6612587
PDA10CS2,1305.0,0.004902969054741052,1,1772321217.6662588
PDA10CS2,1305.0,0.005560879326916984,1,1772321217.6712587
PDA10CS2,1305.0,0.005560879326916984,1,1772321217.6762588
PDA10CS2,1305.0,0.005560879326916984,1,1772321217.6812587
PDA10CS2,1305.0,0.005560879326916984,1,1772321217.6862588
PDA10CS2,1305.0,0.005560879326916984,1,1772321217.6912587
PDA10CS2,1305.0,0.005560879326916984,1,1772321217.6962588
PDA10CS2,1305.0,0.004902969054741052,1,1772321217.701259
PDA10CS2,1305.0,0.004902969054741052,1,1772321217.7062588
PDA10CS2,1305.0,0.003916103647535335,1,1772321217.711259
PDA10CS2,1305.0,0.005889834463216614,1,1772321217.7162588
PDA10CS2,1305.0,0.004902969054741052,1,1772321217.7212589
PDA10CS2,1305.0,0.005560879326916984,1,1772321217.7262588
PDA10CS2,1305.0,0.006218789599657354,1,1772321217.7312589
PDA10CS2,1305.0,0.004902969054741052,1,1772321217.7362587
PDA10CS2,1305.0,0.0052319241907584635,1,1772321217.7412589
PDA10CS2,1305.0,0.004902969054741052,1,1772321217.7462587
PDA10CS2,1305.0,0.005889834463216614,1,1772321217.7512589
PDA10CS2,1305.0,0.005889834463216614,1,1772321217.7562587
PDA10CS2,1305.0,0.004902969054741052,1,1772321217.7612588
PDA10CS2,1305.0,0.004245058783129502,1,1772321217.7662587
PDA10CS2,1305.0,0.0052319241907584635,1,1772321217.7712588
PDA10CS2,1305.0,0.004245058783129502,1,1772321217.7762587
PDA10CS2,1305.0,0.005560879326916984,1,1772321217.7812588
PDA10CS2,1305.0,0.0052319241907584635,1,1772321217.7862587
PDA10CS2,1305.0,0.005560879326916984,1,1772321217.7912588
PDA10CS2,1305.0,0.004902969054741052,1,1772321217.7962587
PDA10CS2,1305.0,0.005560879326916984,1,1772321217.8012588
PDA10CS2,1305.0,0.005560879326916984,1,1772321217.8062587
PDA10CS2,1305.0,0.004902969054741052,1,1772321217.8112588
PDA10CS2,1305.0,0.004574013918864722,1,1772321217.8162587
PDA10CS2,1305.0,0.0052319241907584635,1,1772321217.8212588
PDA10CS2,1305.0,0.006218789599657354,1,1772321217.8262587
PDA10CS2,1305.0,0.005560879326916984,1,1772321217.8312588
PDA10CS2,1305.0,0.0052319241907584635,1,1772321217.8362586
PDA10CS2,1305.0,0.005560879326916984,1,1772321217.8412588
PDA10CS2,1305.0,0.004902969054741052,1,1772321217.8462586
PDA10CS2,1305.0,0.004902969054741052,1,1772321217.8512588
PDA10CS2,1305.0,0.005889834463216614,1,1772321217.8562586
PDA10CS2,1305.0,0.004902969054741052,1,1772321217.8612587
PDA10CS2,1305.0,0.005560879326916984,1,1772321217.8662589
PDA10CS2,1305.0,0.0052319241907584635,1,1772321217.8712587
PDA10CS2,1305.0,0.004902969054741052,1,1772321217.8762589
PDA10CS2,1305.0,0.004902969054741052,1,1772321217.8812587
PDA10CS2,1305.0,0.004574013918864722,1,1772321217.8862588
PDA10CS2,1305.0,0.005889834463216614,1,1772321217.8912587
PDA10CS2,1305.0,0.005560879326916984,1,1772321217.8962588
PDA10CS2,1305.0,0.005560879326916984,1,1772321217.9012587
PDA10CS2,1305.0,0.004574013918864722,1,1772321217.9062588
PDA10CS2,1305.0,0.006218789599657354,1,1772321217.9112587
PDA10CS2,1305.0,0.004574013918864722,1,1772321217.9162588
PDA10CS2,1305.0,0.004902969054741052,1,1772321217.9212587
PDA10CS2,1305.0,0.005560879326916984,1,1772321217.9262588
PDA10CS2,1305.0,0.004902969054741052,1,1772321217.9312587
PDA10CS2,1305.0,0.0052319241907584635,1,1772321217.9362588
PDA10CS2,1305.0,0.0052319241907584635,1,1772321217.9412587
PDA10CS2,1305.0,0.005560879326916984,1,1772321217.9462588
PDA10CS2,1305.0,0.005560879326916984,1,1772321217.9512587
PDA10CS2,1305.0,0.0052319241907584635,1,1772321217.9562588
PDA10CS2,1305.0,0.0052319241907584635,1,1772321217.9612586
PDA10CS2,1305.0,0.004902969054741052,1,1772321217.9662588
PDA10CS2,1305.0,0.004574013918864722,1,1772321217.9712586
PDA10CS2,1305.0,0.005889834463216614,1,1772321217.9762588
PDA10CS2,1305.0,0.005560879326916984,1,1772321217.9812586
PDA10CS2,1305.0,0.004574013918864722,1,1772321217.9862587
PDA10CS2,1305.0,0.004902969054741052,1,1772321217.9912586
PDA10CS2,1305.0,0.004574013918864722,1,1772321217.9962587
PDA10CS2,1305.0,0.005560879326916984,1,1772321218.0012586
PDA10CS2,1305.0,0.004902969054741052,1,1772321218.0062587
PDA10CS2,1305.0,0.004902969054741052,1,1772321218.0112586
PDA10CS2,1305.0,0.005560879326916984,1,1772321218.0162587
PDA10CS2,1305.0,0.005889834463216614,1,1772321218.0212586
PDA10CS2,1305.0,0.005560879326916984,1,1772321218.0262587
PDA10CS2,1300.0,0.004902969054741052,2,1772321218.941194
PDA10CS2,1300.0100002288818,0.0065477447362392305,2,1772321218.9461942
PDA10CS2,1300.0199999809265,0.004902969054741052,2,1772321218.951194
PDA10CS2,1300.0300002098083,0.0052319241907584635,2,1772321218.9561942
PDA10CS2,1300.039999961853,0.0052319241907584635,2,1772321218.961194
PDA10CS2,1300.0500001907349,0.004902969054741052,2,1772321218.9661942
PDA10CS2,1300.0599999427795,0.005560879326916984,2,1772321218.971194
PDA10CS2,1300.0700001716614,0.0052319241907584635,2,1772321218.9761941
PDA10CS2,1300.079999923706,0.005560879326916984,2,1772321218.981194
PDA10CS2,1300.090000152588,0.004902969054741052,2,1772321218.9861941
PDA10CS2,1300.0999999046326,0.005560879326916984,2,1772321218.991194
PDA10CS2,1300.1100001335144,0.004902969054741052,2,1772321218.9961941
PDA10CS2,1300.119999885559,0.0052319241907584635,2,1772321219.001194
PDA10CS2,1300.130000114441,0.004902969054741052,2,1772321219.006194
PDA10CS2,1300.1399998664856,0.0052319241907584635,2,1772321219.011194
PDA10CS2,1300.1500000953674,0.004245058783129502,2,1772321219.016194
PDA10CS2,1300.159999847412,0.0052319241907584635,2,1772321219.021194
PDA10CS2,1300.170000076294,0.004902969054741052,2,1772321219.026194
PDA10CS2,1300.1799998283386,0.004245058783129502,2,1772321219.031194
PDA10CS2,1300.1900000572205,0.0052319241907584635,2,1772321219.036194
PDA10CS2,1300.1999998092651,0.004574013918864722,2,1772321219.041194
PDA10CS2,1300.210000038147,0.0052319241907584635,2,1772321219.046194
PDA10CS2,1300.2199997901917,0.004574013918864722,2,1772321219.051194
PDA10CS2,1300.2300000190735,0.005889834463216614,2,1772321219.056194
PDA10CS2,1300.2399997711182,0.0052319241907584635,2,1772321219.061194
PDA10CS2,1300.25,0.004902969054741052,2,1772321219.066194
PDA10CS2,1300.2599997520447,0.005889834463216614,2,1772321219.071194
PDA10CS2,1300.2699999809265,0.004902969054741052,2,1772321219.076194
PDA10CS2,1300.2799997329712,0.005560879326916984,2,1772321219.081194
PDA10CS2,1300.289999961853,0.005560879326916984,2,1772321219.086194
PDA10CS2,1300.2999997138977,0.004902969054741052,2,1772321219.091194
PDA10CS2,1300.3099999427795,0.005889834463216614,2,1772321219.096194
PDA10CS2,1300.3199996948242,0.005560879326916984,2,1772321219.101194
PDA10CS2,1300.329999923706,0.004902969054741052,2,1772321219.106194
PDA10CS2,1300.340000152588,0.0052319241907584635,2,1772321219.1111941
PDA10CS2,1300.3499999046326,0.005560879326916984,2,1772321219.116194
PDA10CS2,1300.3600001335144,0.003916103647535335,2,1772321219.1211941
PDA10CS2,1300.369999885559,0.005560879326916984,2,1772321219.126194
PDA10CS2,1300.380000114441,0.005560879326916984,2,1772321219.131194
PDA10CS2,1300.3899998664856,0.0052319241907584635,2,1772321219.136194
PDA10CS2,1300.4000000953674,0.004574013918864722,2,1772321219.141194
PDA10CS2,1300.409999847412,0.005560879326916984,2,1772321219.146194
PDA10CS2,1300.420000076294,0.005560879326916984,2,1772321219.151194
PDA10CS2,1300.4299998283386,0.005560879326916984,2,1772321219.156194
PDA10CS2,1300.4400000572205,0.0052319241907584635,2,1772321219.161194
PDA10CS2,1300.4499998092651,0.0065477447362392305,2,1772321219.166194
PDA10CS2,1300.460000038147,0.005889834463216614,2,1772321219.171194
PDA10CS2,1300.4699997901917,0.0065477447362392305,2,1772321219.176194
PDA10CS2,1300.4800000190735,0.005560879326916984,2,1772321219.181194
PDA10CS2,1300.4899997711182,0.004574013918864722,2,1772321219.186194
PDA10CS2,1300.5,0.004574013918864722,2,1772321219.191194
PDA10CS2,1300.5099997520447,0.005560879326916984,2,1772321219.196194
PDA10CS2,1300.5199999809265,0.005889834463216614,2,1772321219.201194
PDA10CS2,1300.5299997329712,0.0052319241907584635,2,1772321219.206194
PDA10CS2,1300.539999961853,0.005560879326916984,2,1772321219.211194
PDA10CS2,1300.5499997138977,0.0052319241907584635,2,1772321219.216194
PDA10CS2,1300.5599999427795,0.004902969054741052,2,1772321219.221194
PDA10CS2,1300.5699996948242,0.0052319241907584635,2,1772321219.226194
PDA10CS2,1300.579999923706,0.005560879326916984,2,1772321219.231194
PDA10CS2,1300.5899996757507,0.005560879326916984,2,1772321219.236194
PDA10CS2,1300.5999999046326,0.0052319241907584635,2,1772321219.241194
PDA10CS2,1300.6099996566772,0.0052319241907584635,2,1772321219.246194
PDA10CS2,1300.619999885559,0.004902969054741052,2,1772321219.251194
PDA10CS2,1300.6299996376038,0.004574013918864722,2,1772321219.2561939
PDA10CS2,1300.6399998664856,0.004574013918864722,2,1772321219.261194
PDA10CS2,1300.6499996185303,0.004902969054741052,2,1772321219.2661939
PDA10CS2,1300.659999847412,0.005560879326916984,2,1772321219.271194
PDA10CS2,1300.670000076294,0.003916103647535335,2,1772321219.276194
PDA10CS2,1300.6799998283386,0.005560879326916984,2,1772321219.281194
PDA10CS2,1300.6900000572205,0.0052319241907584635,2,1772321219.286194
PDA10CS2,1300.6999998092651,0.004245058783129502,2,1772321219.291194
PDA10CS2,1300.710000038147,0.0052319241907584635,2,1772321219.296194
PDA10CS2,1300.7199997901917,0.004902969054741052,2,1772321219.301194
PDA10CS2,1300.7300000190735,0.0052319241907584635,2,1772321219.306194
PDA10CS2,1300.7399997711182,0.0052319241907584635,2,1772321219.311194
PDA10CS2,1300.75,0.004574013918864722,2,1772321219.316194
PDA10CS2,1300.7599997520447,0.005560879326916984,2,1772321219.321194
PDA10CS2,1300.7699999809265,0.004574013918864722,2,1772321219.326194
PDA10CS2,1300.7799997329712,0.004245058783129502,2,1772321219.331194
PDA10CS2,1300.789999961853,0.005889834463216614,2,1772321219.336194
PDA10CS2,1300.7999997138977,0.004574013918864722,2,1772321219.341194
PDA10CS2,1300.8099999427795,0.005560879326916984,2,1772321219.346194
PDA10CS2,1300.8199996948242,0.0052319241907584635,2,1772321219.351194
PDA10CS2,1300.829999923706,0.0052319241907584635,2,1772321219.356194
PDA10CS2,1300.8399996757507,0.0052319241907584635,2,1772321219.361194
PDA10CS2,1300.8499999046326,0.005560879326916984,2,1772321219.366194
PDA10CS2,1300.8599996566772,0.005560879326916984,2,1772321219.371194
PDA10CS2,1300.869999885559,0.004574013918864722,2,1772321219.376194
PDA10CS2,1300.8799996376038,0.004902969054741052,2,1772321219.3811939
PDA10CS2,1300.8899998664856,0.004574013918864722,2,1772321219.386194
PDA10CS2,1300.8999996185303,0.0052319241907584635,2,1772321219.3911939
PDA10CS2,1300.909999847412,0.004574013918864722,2,1772321219.396194
PDA10CS2,1300.9199995994568,0.004574013918864722,2,1772321219.4011939
PDA10CS2,1300.9299998283386,0.0052319241907584635,2,1772321219.406194
PDA10CS2,1300.9399995803833,0.005889834463216614,2,1772321219.4111938
PDA10CS2,1300.9499998092651,0.004902969054741052,2,1772321219.416194
PDA10CS2,1300.9599995613098,0.005560879326916984,2,1772321219.4211938
PDA10CS2,1300.9699997901917,0.0065477447362392305,2,1772321219.426194
PDA10CS2,1300.9799995422363,0.0052319241907584635,2,1772321219.4311938
PDA10CS2,1300.9899997711182,0.0052319241907584635,2,1772321219.436194
PDA10CS2,1301.0,0.0052319241907584635,2,1772321219.441194
PDA10CS2,1301.0100002288818,0.004574013918864722,2,1772321219.4461942
PDA10CS2,1301.0199999809265,0.0065477447362392305,2,1772321219.451194
PDA10CS2,1301.0300002098083,0.005560879326916984,2,1772321219.4561942
PDA10CS2,1301.039999961853,0.005560879326916984,2,1772321219.461194
PDA10CS2,1301.0500001907349,0.004902969054741052,2,1772321219.4661942
PDA10CS2,1301.0599999427795,0.005560879326916984,2,1772321219.471194
PDA10CS2,1301.0700001716614,0.0052319241907584635,2,1772321219.4761941
PDA10CS2,1301.079999923706,0.005889834463216614,2,1772321219.481194
PDA10CS2,1301.090000152588,0.0052319241907584635,2,1772321219.4861941
PDA10CS2,1301.0999999046326,0.0052319241907584635,2,1772321219.491194
PDA10CS2,1301.1100001335144,0.004574013918864722,2,1772321219.4961941
PDA10CS2,1301.119999885559,0.005560879326916984,2,1772321219.501194
PDA10CS2,1301.130000114441,0.005560879326916984,2,1772321219.506194
PDA10CS2,1301.1399998664856,0.0052319241907584635,2,1772321219.511194
PDA10CS2,1301.1500000953674,0.005560879326916984,2,1772321219.516194
PDA10CS2,1301.159999847412,0.004574013918864722,2,1772321219.521194
PDA10CS2,1301.170000076294,0.005560879326916984,2,1772321219.526194
PDA10CS2,1301.1799998283386,0.004902969054741052,2,1772321219.531194
PDA10CS2,1301.1900000572205,0.0052319241907584635,2,1772321219.536194
PDA10CS2,1301.1999998092651,0.004902969054741052,2,1772321219.541194
PDA10CS2,1301.210000038147,0.004574013918864722,2,1772321219.546194
PDA10CS2,1301.2199997901917,0.005889834463216614,2,1772321219.551194
PDA10CS2,1301.2300000190735,0.004574013918864722,2,1772321219.556194
PDA10CS2,1301.2399997711182,0.0052319241907584635,2,1772321219.561194
PDA10CS2,1301.25,0.005560879326916984,2,1772321219.566194
PDA10CS2,1301.2599997520447,0.0065477447362392305,2,1772321219.571194
PDA10CS2,1301.2699999809265,0.005889834463216614,2,1772321219.576194
PDA10CS2,1301.2799997329712,0.005560879326916984,2,1772321219.581194
PDA10CS2,1301.289999961853,0.005560879326916984,2,1772321219.586194
PDA10CS2,1301.2999997138977,0.005560879326916984,2,1772321219.591194
PDA10CS2,1301.3099999427795,0.004902969054741052,2,1772321219.596194
PDA10CS2,1301.3199996948242,0.005560879326916984,2,1772321219.601194
PDA10CS2,1301.329999923706,0.0052319241907584635,2,1772321219.606194
PDA10CS2,1301.340000152588,0.0052319241907584635,2,1772321219.6111941
PDA10CS2,1301.3499999046326,0.004574013918864722,2,1772321219.616194
PDA10CS2,1301.3600001335144,0.0052319241907584635,2,1772321219.6211941
PDA10CS2,1301.369999885559,0.004574013918864722,2,1772321219.626194
PDA10CS2,1301.380000114441,0.0052319241907584635,2,1772321219.631194
PDA10CS2,1301.3899998664856,0.004245058783129502,2,1772321219.636194
PDA10CS2,1301.4000000953674,0.0052319241907584635,2,1772321219.641194
PDA10CS2,1301.409999847412,0.004245058783129502,2,1772321219.646194
PDA10CS2,1301.420000076294,0.005560879326916984,2,1772321219.651194
PDA10CS2,1301.4299998283386,0.004902969054741052,2,1772321219.656194
PDA10CS2,1301.4400000572205,0.005560879326916984,2,1772321219.661194
PDA10CS2,1301.4499998092651,0.006218789599657354,2,1772321219.666194
PDA10CS2,1301.460000038147,0.004902969054741052,2,1772321219.671194
PDA10CS2,1301.4699997901917,0.006218789599657354,2,1772321219.676194
PDA10CS2,1301.4800000190735,0.004574013918864722,2,1772321219.681194
PDA10CS2,1301.4899997711182,0.004245058783129502,2,1772321219.686194
PDA10CS2,1301.5,0.004574013918864722,2,1772321219.691194
PDA10CS2,1301.5099997520447,0.005889834463216614,2,1772321219.696194
PDA10CS2,1301.5199999809265,0.006218789599657354,2,1772321219.701194
PDA10CS2,1301.5299997329712,0.004902969054741052,2,1772321219.706194
PDA10CS2,1301.539999961853,0.004902969054741052,2,1772321219.711194
PDA10CS2,1301.5499997138977,0.0052319241907584635,2,1772321219.716194
PDA10CS2,1301.5599999427795,0.004902969054741052,2,1772321219.721194
PDA10CS2,1301.5699996948242,0.005889834463216614,2,1772321219.726194
PDA10CS2,1301.579999923706,0.005560879326916984,2,1772321219.731194
PDA10CS2,1301.5899996757507,0.0052319241907584635,2,1772321219.736194
PDA10CS2,1301.5999999046326,0.003916103647535335,2,1772321219.741194
PDA10CS2,1301.6099996566772,0.005889834463216614,2,1772321219.746194
PDA10CS2,1301.619999885559,0.005560879326916984,2,1772321219.751194
PDA10CS2,1301.6299996376038,0.0052319241907584635,2,1772321219.7561939
PDA10CS2,1301.6399998664856,0.004902969054741052,2,1772321219.761194
PDA10CS2,1301.6499996185303,0.005889834463216614,2,1772321219.7661939
PDA10CS2,1301.659999847412,0.005889834463216614,2,1772321219.771194
PDA10CS2,1301.670000076294,0.005889834463216614,2,1772321219.776194
PDA10CS2,1301.6799998283386,0.004245058783129502,2,1772321219.781194
PDA10CS2,1301.6900000572205,0.0052319241907584635,2,1772321219.786194
PDA10CS2,1301.6999998092651,0.004902969054741052,2,1772321219.791194
PDA10CS2,1301.710000038147,0.005560879326916984,2,1772321219.796194
PDA10CS2,1301.7199997901917,0.004902969054741052,2,1772321219.801194
PDA10CS2,1301.7300000190735,0.005889834463216614,2,1772321219.806194
PDA10CS2,1301.7399997711182,0.004902969054741052,2,1772321219.811194
PDA10CS2,1301.75,0.004902969054741052,2,1772321219.816194
PDA10CS2,1301.7599997520447,0.005560879326916984,2,1772321219.821194
PDA10CS2,1301.7699999809265,0.005560879326916984,2,1772321219.826194
PDA10CS2,1301.7799997329712,0.005560879326916984,2,1772321219.831194
PDA10CS2,1301.789999961853,0.004902969054741052,2,1772321219.836194
PDA10CS2,1301.7999997138977,0.005560879326916984,2,1772321219.841194
PDA10CS2,1301.8099999427795,0.004902969054741052,2,1772321219.846194
PDA10CS2,1301.8199996948242,0.005889834463216614,2,1772321219.851194
PDA10CS2,1301.829999923706,0.004902969054741052,2,1772321219.856194
PDA10CS2,1301.8399996757507,0.0052319241907584635,2,1772321219.861194
PDA10CS2,1301.8499999046326,0.005560879326916984,2,1772321219.866194
PDA10CS2,1301.8599996566772,0.0052319241907584635,2,1772321219.871194
PDA10CS2,1301.869999885559,0.004902969054741052,2,1772321219.876194
PDA10CS2,1301.8799996376038,0.004574013918864722,2,1772321219.8811939
PDA10CS2,1301.8899998664856,0.004902969054741052,2,1772321219.886194
PDA10CS2,1301.8999996185303,0.004574013918864722,2,1772321219.8911939
PDA10CS2,1301.909999847412,0.004245058783129502,2,1772321219.896194
PDA10CS2,1301.9199995994568,0.005889834463216614,2,1772321219.9011939
PDA10CS2,1301.9299998283386,0.004902969054741052,2,1772321219.906194
PDA10CS2,1301.9399995803833,0.004902969054741052,2,1772321219.9111938
PDA10CS2,1301.9499998092651,0.005560879326916984,2,1772321219.916194
PDA10CS2,1301.9599995613098,0.004902969054741052,2,1772321219.9211938
PDA10CS2,1301.9699997901917,0.0052319241907584635,2,1772321219.926194
PDA10CS2,1301.9799995422363,0.004245058783129502,2,1772321219.9311938
PDA10CS2,1301.9899997711182,0.004574013918864722,2,1772321219.936194
PDA10CS2,1302.0,0.005560879326916984,2,1772321219.941194
PDA10CS2,1302.0100002288818,0.004902969054741052,2,1772321219.9461942
PDA10CS2,1302.0199999809265,0.004245058783129502,2,1772321219.951194
PDA10CS2,1302.0300002098083,0.006218789599657354,2,1772321219.9561942
PDA10CS2,1302.039999961853,0.004902969054741052,2,1772321219.961194
PDA10CS2,1302.0500001907349,0.006218789599657354,2,1772321219.9661942
PDA10CS2,1302.0599999427795,0.005560879326916984,2,1772321219.971194
PDA10CS2,1302.0700001716614,0.004574013918864722,2,1772321219.9761941
PDA10CS2,1302.079999923706,0.004574013918864722,2,1772321219.981194
PDA10CS2,1302.090000152588,0.005560879326916984,2,1772321219.9861941
PDA10CS2,1302.0999999046326,0.005889834463216614,2,1772321219.991194
PDA10CS2,1302.1100001335144,0.004902969054741052,2,1772321219.9961941
PDA10CS2,1302.119999885559,0.005560879326916984,2,1772321220.001194
PDA10CS2,1302.130000114441,0.004574013918864722,2,1772321220.006194
PDA10CS2,1302.1399998664856,0.0052319241907584635,2,1772321220.011194
PDA10CS2,1302.1500000953674,0.0052319241907584635,2,1772321220.016194
PDA10CS2,1302.159999847412,0.004902969054741052,2,1772321220.021194
PDA10CS2,1302.170000076294,0.005560879326916984,2,1772321220.026194
PDA10CS2,1302.1799998283386,0.005560879326916984,2,1772321220.031194
PDA10CS2,1302.1900000572205,0.005560879326916984,2,1772321220.036194
PDA10CS2,1302.1999998092651,0.005889834463216614,2,1772321220.041194
PDA10CS2,1302.210000038147,0.004902969054741052,2,1772321220.046194
PDA10CS2,1302.2199997901917,0.0052319241907584635,2,1772321220.051194
PDA10CS2,1302.2300000190735,0.004902969054741052,2,1772321220.056194
PDA10CS2,1302.2399997711182,0.005889834463216614,2,1772321220.061194
PDA10CS2,1302.25,0.006218789599657354,2,1772321220.066194
PDA10CS2,1302.2599997520447,0.005560879326916984,2,1772321220.071194
PDA10CS2,1302.2699999809265,0.005889834463216614,2,1772321220.076194
PDA10CS2,1302.2799997329712,0.004902969054741052,2,1772321220.081194
PDA10CS2,1302.289999961853,0.0052319241907584635,2,1772321220.086194
PDA10CS2,1302.2999997138977,0.0052319241907584635,2,1772321220.091194
PDA10CS2,1302.3099999427795,0.006218789599657354,2,1772321220.096194
PDA10CS2,1302.3199996948242,0.006218789599657354,2,1772321220.101194
PDA10CS2,1302.329999923706,0.005560879326916984,2,1772321220.106194
PDA10CS2,1302.340000152588,0.005560879326916984,2,1772321220.1111941
PDA10CS2,1302.3499999046326,0.005560879326916984,2,1772321220.116194
PDA10CS2,1302.3600001335144,0.0052319241907584635,2,1772321220.1211941
PDA10CS2,1302.369999885559,0.005560879326916984,2,1772321220.126194
PDA10CS2,1302.380000114441,0.005560879326916984,2,1772321220.131194
PDA10CS2,1302.3899998664856,0.004245058783129502,2,1772321220.136194
PDA10CS2,1302.4000000953674,0.004902969054741052,2,1772321220.141194
PDA10CS2,1302.409999847412,0.0052319241907584635,2,1772321220.146194
PDA10CS2,1302.420000076294,0.004902969054741052,2,1772321220.151194
PDA10CS2,1302.4299998283386,0.004902969054741052,2,1772321220.156194
PDA10CS2,1302.4400000572205,0.005889834463216614,2,1772321220.161194
PDA10CS2,1302.4499998092651,0.004902969054741052,2,1772321220.166194
PDA10CS2,1302.460000038147,0.005889834463216614,2,1772321220.171194
PDA10CS2,1302.4699997901917,0.005889834463216614,2,1772321220.176194
PDA10CS2,1302.4800000190735,0.0052319241907584635,2,1772321220.181194
PDA10CS2,1302.4899997711182,0.004902969054741052,2,1772321220.186194
PDA10CS2,1302.5,0.0052319241907584635,2,1772321220.191194
PDA10CS2,1302.5099997520447,0.0052319241907584635,2,1772321220.196194
PDA10CS2,1302.5199999809265,0.005560879326916984,2,1772321220.201194
PDA10CS2,1302.5299997329712,0.0065477447362392305,2,1772321220.206194
PDA10CS2,1302.539999961853,0.004574013918864722,2,1772321220.211194
PDA10CS2,1302.5499997138977,0.004902969054741052,2,1772321220.216194
PDA10CS2,1302.5599999427795,0.005560879326916984,2,1772321220.221194
PDA10CS2,1302.5699996948242,0.005560879326916984,2,1772321220.226194
PDA10CS2,1302.579999923706,0.0052319241907584635,2,1772321220.231194
PDA10CS2,1302.5899996757507,0.0052319241907584635,2,1772321220.236194
PDA10CS2,1302.5999999046326,0.006218789599657354,2,1772321220.241194
PDA10CS2,1302.6099996566772,0.005560879326916984,2,1772321220.246194
PDA10CS2,1302.619999885559,0.005889834463216614,2,1772321220.251194
PDA10CS2,1302.6299996376038,0.004574013918864722,2,1772321220.2561939
PDA10CS2,1302.6399998664856,0.006218789599657354,2,1772321220.261194
PDA10CS2,1302.6499996185303,0.004902969054741052,2,1772321220.2661939
PDA10CS2,1302.659999847412,0.006218789599657354,2,1772321220.271194
PDA10CS2,1302.670000076294,0.0052319241907584635,2,1772321220.276194
PDA10CS2,1302.6799998283386,0.005889834463216614,2,1772321220.281194
PDA10CS2,1302.6900000572205,0.0052319241907584635,2,1772321220.286194
PDA10CS2,1302.6999998092651,0.004902969054741052,2,1772321220.291194
PDA10CS2,1302.710000038147,0.006218789599657354,2,1772321220.296194
PDA10CS2,1302.7199997901917,0.005560879326916984,2,1772321220.301194
PDA10CS2,1302.7300000190735,0.004902969054741052,2,1772321220.306194
PDA10CS2,1302.7399997711182,0.004574013918864722,2,1772321220.311194
PDA10CS2,1302.75,0.0052319241907584635,2,1772321220.316194
PDA10CS2,1302.7599997520447,0.0065477447362392305,2,1772321220.321194
PDA10CS2,1302.7699999809265,0.0052319241907584635,2,1772321220.326194
PDA10CS2,1302.7799997329712,0.005560879326916984,2,1772321220.331194
PDA10CS2,1302.789999961853,0.004902969054741052,2,1772321220.336194
PDA10CS2,1302.7999997138977,0.0052319241907584635,2,1772321220.341194
PDA10CS2,1302.8099999427795,0.004902969054741052,2,1772321220.346194
PDA10CS2,1302.8199996948242,0.0052319241907584635,2,1772321220.351194
PDA10CS2,1302.829999923706,0.005560879326916984,2,1772321220.356194
PDA10CS2,1302.8399996757507,0.004245058783129502,2,1772321220.361194
PDA10CS2,1302.8499999046326,0.006218789599657354,2,1772321220.366194
PDA10CS2,1302.8599996566772,0.004902969054741052,2,1772321220.371194
PDA10CS2,1302.869999885559,0.0052319241907584635,2,1772321220.376194
PDA10CS2,1302.8799996376038,0.004574013918864722,2,1772321220.3811939
PDA10CS2,1302.8899998664856,0.005560879326916984,2,1772321220.386194
PDA10CS2,1302.8999996185303,0.005560879326916984,2,1772321220.3911939
PDA10CS2,1302.909999847412,0.004902969054741052,2,1772321220.396194
PDA10CS2,1302.9199995994568,0.006876699872962244,2,1772321220.4011939
PDA10CS2,1302.9299998283386,0.005560879326916984,2,1772321220.406194
PDA10CS2,1302.9399995803833,0.0052319241907584635,2,1772321220.4111938
PDA10CS2,1302.9499998092651,0.0052319241907584635,2,1772321220.416194
PDA10CS2,1302.9599995613098,0.0052319241907584635,2,1772321220.4211938
PDA10CS2,1302.9699997901917,0.004245058783129502,2,1772321220.426194
PDA10CS2,1302.9799995422363,0.005889834463216614,2,1772321220.4311938
PDA10CS2,1302.9899997711182,0.004574013918864722,2,1772321220.436194
PDA10CS2,1303.0,0.005889834463216614,2,1772321220.441194
PDA10CS2,1303.0100002288818,0.0052319241907584635,2,1772321220.4461942
PDA10CS2,1303.0199999809265,0.005560879326916984,2,1772321220.451194
PDA10CS2,1303.0300002098083,0.005560879326916984,2,1772321220.4561942
PDA10CS2,1303.039999961853,0.004574013918864722,2,1772321220.461194
PDA10CS2,1303.0500001907349,0.004902969054741052,2,1772321220.4661942
PDA10CS2,1303.0599999427795,0.004902969054741052,2,1772321220.471194
PDA10CS2,1303.0700001716614,0.005560879326916984,2,1772321220.4761941
PDA10CS2,1303.079999923706,0.004902969054741052,2,1772321220.481194
PDA10CS2,1303.090000152588,0.0052319241907584635,2,1772321220.4861941
PDA10CS2,1303.0999999046326,0.005560879326916984,2,1772321220.491194
PDA10CS2,1303.1100001335144,0.005889834463216614,2,1772321220.4961941
PDA10CS2,1303.119999885559,0.0052319241907584635,2,1772321220.501194
PDA10CS2,1303.130000114441,0.005560879326916984,2,1772321220.506194
PDA10CS2,1303.1399998664856,0.005560879326916984,2,1772321220.511194
PDA10CS2,1303.1500000953674,0.005560879326916984,2,1772321220.516194
PDA10CS2,1303.159999847412,0.005889834463216614,2,1772321220.521194
PDA10CS2,1303.170000076294,0.005560879326916984,2,1772321220.526194
PDA10CS2,1303.1799998283386,0.005560879326916984,2,1772321220.531194
PDA10CS2,1303.1900000572205,0.005889834463216614,2,1772321220.536194
PDA10CS2,1303.1999998092651,0.004902969054741052,2,1772321220.541194
PDA10CS2,1303.210000038147,0.0052319241907584635,2,1772321220.546194
PDA10CS2,1303.2199997901917,0.004902969054741052,2,1772321220.551194
PDA10CS2,1303.2300000190735,0.0052319241907584635,2,1772321220.556194
PDA10CS2,1303.2399997711182,0.0052319241907584635,2,1772321220.561194
PDA10CS2,1303.25,0.004574013918864722,2,1772321220.566194
PDA10CS2,1303.2599997520447,0.004902969054741052,2,1772321220.571194
PDA10CS2,1303.2699999809265,0.005889834463216614,2,1772321220.576194
PDA10CS2,1303.2799997329712,0.004574013918864722,2,1772321220.581194
PDA10CS2,1303.289999961853,0.004902969054741052,2,1772321220.586194
PDA10CS2,1303.2999997138977,0.004902969054741052,2,1772321220.591194
PDA10CS2,1303.3099999427795,0.004902969054741052,2,1772321220.596194
PDA10CS2,1303.3199996948242,0.005560879326916984,2,1772321220.601194
PDA10CS2,1303.329999923706,0.005560879326916984,2,1772321220.606194
PDA10CS2,1303.340000152588,0.0052319241907584635,2,1772321220.6111941
PDA10CS2,1303.3499999046326,0.0052319241907584635,2,1772321220.616194
PDA10CS2,1303.3600001335144,0.004902969054741052,2,1772321220.6211941
PDA10CS2,1303.369999885559,0.004902969054741052,2,1772321220.626194
PDA10CS2,1303.380000114441,0.006218789599657354,2,1772321220.631194
PDA10CS2,1303.3899998664856,0.004902969054741052,2,1772321220.636194
PDA10CS2,1303.4000000953674,0.004902969054741052,2,1772321220.641194
PDA10CS2,1303.409999847412,0.006218789599657354,2,1772321220.646194
PDA10CS2,1303.420000076294,0.0052319241907584635,2,1772321220.651194
PDA10CS2,1303.4299998283386,0.005889834463216614,2,1772321220.656194
PDA10CS2,1303.4400000572205,0.004902969054741052,2,1772321220.661194
PDA10CS2,1303.4499998092651,0.006876699872962244,2,1772321220.666194
PDA10CS2,1303.460000038147,0.004902969054741052,2,1772321220.671194
PDA10CS2,1303.4699997901917,0.0052319241907584635,2,1772321220.676194
PDA10CS2,1303.4800000190735,0.005560879326916984,2,1772321220.681194
PDA10CS2,1303.4899997711182,0.004245058783129502,2,1772321220.686194
PDA10CS2,1303.5,0.0052319241907584635,2,1772321220.691194
PDA10CS2,1303.5099997520447,0.0052319241907584635,2,1772321220.696194
PDA10CS2,1303.5199999809265,0.0052319241907584635,2,1772321220.701194
PDA10CS2,1303.5299997329712,0.004574013918864722,2,1772321220.706194
PDA10CS2,1303.539999961853,0.006218789599657354,2,1772321220.711194
PDA10CS2,1303.5499997138977,0.005560879326916984,2,1772321220.716194
PDA10CS2,1303.5599999427795,0.0052319241907584635,2,1772321220.721194
PDA10CS2,1303.5699996948242,0.0052319241907584635,2,1772321220.726194
PDA10CS2,1303.579999923706,0.004902969054741052,2,1772321220.731194
PDA10CS2,1303.5899996757507,0.004902969054741052,2,1772321220.736194
PDA10CS2,1303.5999999046326,0.0052319241907584635,2,1772321220.741194
PDA10CS2,1303.6099996566772,0.004574013918864722,2,1772321220.746194
PDA10CS2,1303.619999885559,0.004902969054741052,2,1772321220.751194
PDA10CS2,1303.6299996376038,0.003916103647535335,2,1772321220.7561939
PDA10CS2,1303.6399998664856,0.005560879326916984,2,1772321220.761194
PDA10CS2,1303.6499996185303,0.0052319241907584635,2,1772321220.7661939
PDA10CS2,1303.659999847412,0.005889834463216614,2,1772321220.771194
PDA10CS2,1303.670000076294,0.004574013918864722,2,1772321220.776194
PDA10CS2,1303.6799998283386,0.005560879326916984,2,1772321220.781194
PDA10CS2,1303.6900000572205,0.005560879326916984,2,1772321220.786194
PDA10CS2,1303.6999998092651,0.0052319241907584635,2,1772321220.791194
PDA10CS2,1303.710000038147,0.005560879326916984,2,1772321220.796194
PDA10CS2,1303.7199997901917,0.0065477447362392305,2,1772321220.801194
PDA10CS2,1303.7300000190735,0.004902969054741052,2,1772321220.806194
PDA10CS2,1303.7399997711182,0.004902969054741052,2,1772321220.811194
PDA10CS2,1303.75,0.004902969054741052,2,1772321220.816194
PDA10CS2,1303.7599997520447,0.005889834463216614,2,1772321220.821194
PDA10CS2,1303.7699999809265,0.005560879326916984,2,1772321220.826194
PDA10CS2,1303.7799997329712,0.005560879326916984,2,1772321220.831194
PDA10CS2,1303.789999961853,0.005560879326916984,2,1772321220.836194
PDA10CS2,1303.7999997138977,0.004902969054741052,2,1772321220.841194
PDA10CS2,1303.8099999427795,0.004902969054741052,2,1772321220.846194
PDA10CS2,1303.8199996948242,0.004574013918864722,2,1772321220.851194
PDA10CS2,1303.829999923706,0.0052319241907584635,2,1772321220.856194
PDA10CS2,1303.8399996757507,0.004902969054741052,2,1772321220.861194
PDA10CS2,1303.8499999046326,0.0052319241907584635,2,1772321220.866194
PDA10CS2,1303.8599996566772,0.004245058783129502,2,1772321220.871194
PDA10CS2,1303.869999885559,0.004574013918864722,2,1772321220.876194
PDA10CS2,1303.8799996376038,0.004902969054741052,2,1772321220.8811939
PDA10CS2,1303.8899998664856,0.0052319241907584635,2,1772321220.886194
PDA10CS2,1303.8999996185303,0.005560879326916984,2,1772321220.8911939
PDA10CS2,1303.909999847412,0.005560879326916984,2,1772321220.896194
PDA10CS2,1303.9199995994568,0.0052319241907584635,2,1772321220.9011939
PDA10CS2,1303.9299998283386,0.0052319241907584635,2,1772321220.906194
PDA10CS2,1303.9399995803833,0.005889834463216614,2,1772321220.9111938
PDA10CS2,1303.9499998092651,0.0052319241907584635,2,1772321220.916194
PDA10CS2,1303.9599995613098,0.004902969054741052,2,1772321220.9211938
PDA10CS2,1303.9699997901917,0.005560879326916984,2,1772321220.926194
PDA10CS2,1303.9799995422363,0.005560879326916984,2,1772321220.9311938
PDA10CS2,1303.9899997711182,0.005560879326916984,2,1772321220.936194
PDA10CS2,1304.0,0.005889834463216614,2,1772321220.941194
PDA10CS2,1304.0100002288818,0.0052319241907584635,2,1772321220.9461942
PDA10CS2,1304.0199999809265,0.0052319241907584635,2,1772321220.951194
PDA10CS2,1304.0300002098083,0.004902969054741052,2,1772321220.9561942
PDA10CS2,1304.039999961853,0.004902969054741052,2,1772321220.961194
PDA10CS2,1304.0500001907349,0.004574013918864722,2,1772321220.9661942
PDA10CS2,1304.0599999427795,0.0052319241907584635,2,1772321220.971194
PDA10CS2,1304.0700001716614,0.004245058783129502,2,1772321220.9761941
PDA10CS2,1304.079999923706,0.005560879326916984,2,1772321220.981194
PDA10CS2,1304.090000152588,0.0052319241907584635,2,1772321220.9861941
PDA10CS2,1304.0999999046326,0.0052319241907584635,2,1772321220.991194
PDA10CS2,1304.1100001335144,0.006218789599657354,2,1772321220.9961941
PDA10CS2,1304.119999885559,0.004902969054741052,2,1772321221.001194
PDA10CS2,1304.130000114441,0.004574013918864722,2,1772321221.006194
PDA10CS2,1304.1399998664856,0.0052319241907584635,2,1772321221.011194
PDA10CS2,1304.1500000953674,0.004902969054741052,2,1772321221.016194
PDA10CS2,1304.159999847412,0.0052319241907584635,2,1772321221.021194
PDA10CS2,1304.170000076294,0.005889834463216614,2,1772321221.026194
PDA10CS2,1304.1799998283386,0.004574013918864722,2,1772321221.031194
PDA10CS2,1304.1900000572205,0.004902969054741052,2,1772321221.036194
PDA10CS2,1304.1999998092651,0.004902969054741052,2,1772321221.041194
PDA10CS2,1304.210000038147,0.0052319241907584635,2,1772321221.046194
PDA10CS2,1304.2199997901917,0.004245058783129502,2,1772321221.051194
PDA10CS2,1304.2300000190735,0.0052319241907584635,2,1772321221.056194
PDA10CS2,1304.2399997711182,0.005889834463216614,2,1772321221.061194
PDA10CS2,1304.25,0.004902969054741052,2,1772321221.066194
PDA10CS2,1304.2599997520447,0.004574013918864722,2,1772321221.071194
PDA10CS2,1304.2699999809265,0.005560879326916984,2,1772321221.076194
PDA10CS2,1304.2799997329712,0.004902969054741052,2,1772321221.081194
PDA10CS2,1304.289999961853,0.005889834463216614,2,1772321221.086194
PDA10CS2,1304.2999997138977,0.004574013918864722,2,1772321221.091194
PDA10CS2,1304.3099999427795,0.0052319241907584635,2,1772321221.096194
PDA10CS2,1304.3199996948242,0.0052319241907584635,2,1772321221.101194
PDA10CS2,1304.329999923706,0.005560879326916984,2,1772321221.106194
PDA10CS2,1304.340000152588,0.005560879326916984,2,1772321221.1111941
PDA10CS2,1304.3499999046326,0.0052319241907584635,2,1772321221.116194
PDA10CS2,1304.3600001335144,0.004902969054741052,2,1772321221.1211941
PDA10CS2,1304.369999885559,0.004902969054741052,2,1772321221.126194
PDA10CS2,1304.380000114441,0.004245058783129502,2,1772321221.131194
PDA10CS2,1304.3899998664856,0.005560879326916984,2,1772321221.136194
PDA10CS2,1304.4000000953674,0.004574013918864722,2,1772321221.141194
PDA10CS2,1304.409999847412,0.004902969054741052,2,1772321221.146194
PDA10CS2,1304.420000076294,0.0052319241907584635,2,1772321221.151194
PDA10CS2,1304.4299998283386,0.005560879326916984,2,1772321221.156194
PDA10CS2,1304.4400000572205,0.005889834463216614,2,1772321221.161194
PDA10CS2,1304.4499998092651,0.004574013918864722,2,1772321221.166194
PDA10CS2,1304.460000038147,0.0052319241907584635,2,1772321221.171194
PDA10CS2,1304.4699997901917,0.005560879326916984,2,1772321221.176194
PDA10CS2,1304.4800000190735,0.004574013918864722,2,1772321221.181194
PDA10CS2,1304.4899997711182,0.005889834463216614,2,1772321221.186194
PDA10CS2,1304.5,0.005889834463216614,2,1772321221.191194
PDA10CS2,1304.5099997520447,0.0052319241907584635,2,1772321221.196194
PDA10CS2,1304.5199999809265,0.004574013918864722,2,1772321221.201194
PDA10CS2,1304.5299997329712,0.0052319241907584635,2,1772321221.206194
PDA10CS2,1304.539999961853,0.005560879326916984,2,1772321221.211194
PDA10CS2,1304.5499997138977,0.005889834463216614,2,1772321221.216194
PDA10CS2,1304.5599999427795,0.0052319241907584635,2,1772321221.221194
PDA10CS2,1304.5699996948242,0.005889834463216614,2,1772321221.226194
PDA10CS2,1304.579999923706,0.0052319241907584635,2,1772321221.231194
PDA10CS2,1304.5899996757507,0.004902969054741052,2,1772321221.236194
PDA10CS2,1304.5999999046326,0.005560879326916984,2,1772321221.241194
PDA10CS2,1304.6099996566772,0.005560879326916984,2,1772321221.246194
PDA10CS2,1304.619999885559,0.0052319241907584635,2,1772321221.251194
PDA10CS2,1304.6299996376038,0.0052319241907584635,2,1772321221.2561939
PDA10CS2,1304.6399998664856,0.005560879326916984,2,1772321221.261194
PDA10CS2,1304.6499996185303,0.0052319241907584635,2,1772321221.2661939
PDA10CS2,1304.659999847412,0.005560879326916984,2,1772321221.271194
PDA10CS2,1304.670000076294,0.005560879326916984,2,1772321221.276194
PDA10CS2,1304.6799998283386,0.005560879326916984,2,1772321221.281194
PDA10CS2,1304.6900000572205,0.004902969054741052,2,1772321221.286194
PDA10CS2,1304.6999998092651,0.0052319241907584635,2,1772321221.291194
PDA10CS2,1304.710000038147,0.004902969054741052,2,1772321221.296194
PDA10CS2,1304.7199997901917,0.0052319241907584635,2,1772321221.301194
PDA10CS2,1304.7300000190735,0.0065477447362392305,2,1772321221.306194
PDA10CS2,1304.7399997711182,0.005560879326916984,2,1772321221.311194
PDA10CS2,1304.75,0.0052319241907584635,2,1772321221.316194
PDA10CS2,1304.7599997520447,0.0052319241907584635,2,1772321221.321194
PDA10CS2,1304.7699999809265,0.005560879326916984,2,1772321221.326194
PDA10CS2,1304.7799997329712,0.005889834463216614,2,1772321221.331194
PDA10CS2,1304.789999961853,0.0052319241907584635,2,1772321221.336194
PDA10CS2,1304.7999997138977,0.005889834463216614,2,1772321221.341194
PDA10CS2,1304.8099999427795,0.006218789599657354,2,1772321221.346194
PDA10CS2,1304.8199996948242,0.005560879326916984,2,1772321221.351194
PDA10CS2,1304.829999923706,0.004902969054741052,2,1772321221.356194
PDA10CS2,1304.8399996757507,0.005889834463216614,2,1772321221.361194
PDA10CS2,1304.8499999046326,0.006218789599657354,2,1772321221.366194
PDA10CS2,1304.8599996566772,0.004902969054741052,2,1772321221.371194
PDA10CS2,1304.869999885559,0.0052319241907584635,2,1772321221.376194
PDA10CS2,1304.8799996376038,0.004574013918864722,2,1772321221.3811939
PDA10CS2,1304.8899998664856,0.004902969054741052,2,1772321221.386194
PDA10CS2,1304.8999996185303,0.004902969054741052,2,1772321221.3911939
PDA10CS2,1304.909999847412,0.005560879326916984,2,1772321221.396194
PDA10CS2,1304.9199995994568,0.004902969054741052,2,1772321221.4011939
PDA10CS2,1304.9299998283386,0.005560879326916984,2,1772321221.406194
PDA10CS2,1304.9399995803833,0.006218789599657354,2,1772321221.4111938
PDA10CS2,1304.9499998092651,0.004245058783129502,2,1772321221.416194
PDA10CS2,1304.9599995613098,0.005560879326916984,2,1772321221.4211938
PDA10CS2,1304.9699997901917,0.005560879326916984,2,1772321221.426194
PDA10CS2,1304.9799995422363,0.004574013918864722,2,1772321221.4311938
PDA10CS2,1304.9899997711182,0.005889834463216614,2,1772321221.436194
PDA10CS2,1305.0,0.005560879326916984,2,1772321221.441194
PDA10CS2,1305.0,0.005560879326916984,2,1772321221.4461942
PDA10CS2,1305.0,0.004902969054741052,2,1772321221.451194
PDA10CS2,1305.0,0.004245058783129502,2,1772321221.4561942
PDA10CS2,1305.0,0.0052319241907584635,2,1772321221.461194
PDA10CS2,1305.0,0.004902969054741052,2,1772321221.4661942
PDA10CS2,1305.0,0.0052319241907584635,2,1772321221.471194
PDA10CS2,1305.0,0.0052319241907584635,2,1772321221.4761941
PDA10CS2,1305.0,0.005889834463216614,2,1772321221.481194
PDA10CS2,1305.0,0.004902969054741052,2,1772321221.4861941
PDA10CS2,1305.0,0.0052319241907584635,2,1772321221.491194
PDA10CS2,1305.0,0.005560879326916984,2,1772321221.4961941
PDA10CS2,1305.0,0.0052319241907584635,2,1772321221.501194
PDA10CS2,1305.0,0.005560879326916984,2,1772321221.506194
PDA10CS2,1305.0,0.004902969054741052,2,1772321221.511194
PDA10CS2,1305.0,0.005889834463216614,2,1772321221.516194
PDA10CS2,1305.0,0.004902969054741052,2,1772321221.521194
PDA10CS2,1305.0,0.0052319241907584635,2,1772321221.526194
PDA10CS2,1305.0,0.004574013918864722,2,1772321221.531194
PDA10CS2,1305.0,0.004574013918864722,2,1772321221.536194
PDA10CS2,1305.0,0.004902969054741052,2,1772321221.541194
PDA10CS2,1305.0,0.005560879326916984,2,1772321221.546194
PDA10CS2,1305.0,0.005560879326916984,2,1772321221.551194
PDA10CS2,1305.0,0.005560879326916984,2,1772321221.556194
PDA10CS2,1305.0,0.0052319241907584635,2,1772321221.561194
PDA10CS2,1305.0,0.005560879326916984,2,1772321221.566194
PDA10CS2,1305.0,0.005560879326916984,2,1772321221.571194
PDA10CS2,1305.0,0.004902969054741052,2,1772321221.576194
PDA10CS2,1305.0,0.0052319241907584635,2,1772321221.581194
PDA10CS2,1305.0,0.004902969054741052,2,1772321221.586194
PDA10CS2,1305.0,0.004902969054741052,2,1772321221.591194
PDA10CS2,1305.0,0.004902969054741052,2,1772321221.596194
PDA10CS2,1305.0,0.0052319241907584635,2,1772321221.601194
PDA10CS2,1305.0,0.004574013918864722,2,1772321221.606194
PDA10CS2,1305.0,0.004574013918864722,2,1772321221.6111941
PDA10CS2,1305.0,0.004902969054741052,2,1772321221.616194
PDA10CS2,1305.0,0.004574013918864722,2,1772321221.6211941
PDA10CS2,1305.0,0.004902969054741052,2,1772321221.626194
PDA10CS2,1305.0,0.005560879326916984,2,1772321221.631194
PDA10CS2,1305.0,0.004902969054741052,2,1772321221.636194
PDA10CS2,1305.0,0.005889834463216614,2,1772321221.641194
PDA10CS2,1305.0,0.004902969054741052,2,1772321221.646194
PDA10CS2,1305.0,0.004902969054741052,2,1772321221.651194
PDA10CS2,1305.0,0.006218789599657354,2,1772321221.656194
PDA10CS2,1305.0,0.005560879326916984,2,1772321221.661194
PDA10CS2,1305.0,0.004902969054741052,2,1772321221.666194
PDA10CS2,1305.0,0.005889834463216614,2,1772321221.671194
PDA10CS2,1305.0,0.004902969054741052,2,1772321221.676194
PDA10CS2,1305.0,0.0052319241907584635,2,1772321221.681194
PDA10CS2,1305.0,0.005889834463216614,2,1772321221.686194
PDA10CS2,1305.0,0.004902969054741052,2,1772321221.691194
PDA10CS2,1305.0,0.004902969054741052,2,1772321221.696194
PDA10CS2,1305.0,0.0052319241907584635,2,1772321221.701194
PDA10CS2,1305.0,0.0052319241907584635,2,1772321221.706194
PDA10CS2,1305.0,0.004574013918864722,2,1772321221.711194
PDA10CS2,1305.0,0.004902969054741052,2,1772321221.716194
PDA10CS2,1305.0,0.004245058783129502,2,1772321221.721194
PDA10CS2,1305.0,0.004574013918864722,2,1772321221.726194
PDA10CS2,1305.0,0.005889834463216614,2,1772321221.731194
PDA10CS2,1305.0,0.006218789599657354,2,1772321221.736194
PDA10CS2,1305.0,0.005889834463216614,2,1772321221.741194
PDA10CS2,1305.0,0.0052319241907584635,2,1772321221.746194
PDA10CS2,1305.0,0.0052319241907584635,2,1772321221.751194
PDA10CS2,1305.0,0.0052319241907584635,2,1772321221.7561939
PDA10CS2,1305.0,0.005560879326916984,2,1772321221.761194
PDA10CS2,1305.0,0.0052319241907584635,2,1772321221.7661939
PDA10CS2,1305.0,0.005889834463216614,2,1772321221.771194
PDA10CS2,1305.0,0.0052319241907584635,2,1772321221.776194
PDA10CS2,1305.0,0.005889834463216614,2,1772321221.781194
PDA10CS2,1305.0,0.004902969054741052,2,1772321221.786194
PDA10CS2,1305.0,0.004902969054741052,2,1772321221.791194
PDA10CS2,1305.0,0.004245058783129502,2,1772321221.796194
PDA10CS2,1305.0,0.005889834463216614,2,1772321221.801194
PDA10CS2,1305.0,0.0052319241907584635,2,1772321221.806194
PDA10CS2,1305.0,0.006218789599657354,2,1772321221.811194
PDA10CS2,1305.0,0.0052319241907584635,2,1772321221.816194
PDA10CS2,1305.0,0.004902969054741052,2,1772321221.821194
PDA10CS2,1305.0,0.0052319241907584635,2,1772321221.826194
PDA10CS2,1305.0,0.004902969054741052,2,1772321221.831194
PDA10CS2,1305.0,0.0052319241907584635,2,1772321221.836194
PDA10CS2,1305.0,0.0052319241907584635,2,1772321221.841194
PDA10CS2,1305.0,0.0052319241907584635,2,1772321221.846194
PDA10CS2,1305.0,0.004902969054741052,2,1772321221.851194
PDA10CS2,1305.0,0.004902969054741052,2,1772321221.856194
PDA10CS2,1305.0,0.005560879326916984,2,1772321221.861194
PDA10CS2,1305.0,0.0052319241907584635,2,1772321221.866194
PDA10CS2,1305.0,0.006218789599657354,2,1772321221.871194
PDA10CS2,1305.0,0.0052319241907584635,2,1772321221.876194
PDA10CS2,1305.0,0.004574013918864722,2,1772321221.8811939
PDA10CS2,1305.0,0.005560879326916984,2,1772321221.886194
PDA10CS2,1305.0,0.0052319241907584635,2,1772321221.8911939
PDA10CS2,1305.0,0.005889834463216614,2,1772321221.896194
PDA10CS2,1305.0,0.005560879326916984,2,1772321221.9011939
PDA10CS2,1305.0,0.004902969054741052,2,1772321221.906194
PDA10CS2,1305.0,0.004902969054741052,2,1772321221.9111938
PDA10CS2,1305.0,0.0052319241907584635,2,1772321221.916194
PDA10CS2,1305.0,0.006218789599657354,2,1772321221.9211938
PDA10CS2,1305.0,0.0052319241907584635,2,1772321221.926194
PDA10CS2,1305.0,0.004902969054741052,2,1772321221.9311938
PDA10CS2,1305.0,0.005889834463216614,2,1772321221.936194
PDA10CS2,1305.0,0.0052319241907584635,2,1772321221.941194
PDA10CS2,1305.0,0.0052319241907584635,2,1772321221.9461942
PDA10CS2,1305.0,0.005889834463216614,2,1772321221.951194
PDA10CS2,1305.0,0.005560879326916984,2,1772321221.9561942
PDA10CS2,1305.0,0.0052319241907584635,2,1772321221.961194
PDA10CS2,1305.0,0.004574013918864722,2,1772321221.9661942
PDA10CS2,1305.0,0.005560879326916984,2,1772321221.971194
PDA10CS2,1305.0,0.005560879326916984,2,1772321221.9761941
PDA10CS2,1305.0,0.004574013918864722,2,1772321221.981194
PDA10CS2,1305.0,0.004245058783129502,2,1772321221.9861941
PDA10CS2,1305.0,0.005889834463216614,2,1772321221.991194
PDA10CS2,1305.0,0.005889834463216614,2,1772321221.9961941
PDA10CS2,1305.0,0.005889834463216614,2,1772321222.001194
PDA10CS2,1305.0,0.005560879326916984,2,1772321222.006194
PDA10CS2,1305.0,0.005889834463216614,2,1772321222.011194
PDA10CS2,1305.0,0.005560879326916984,2,1772321222.016194
PDA10CS2,1305.0,0.0052319241907584635,2,1772321222.021194
PDA10CS2,1305.0,0.005889834463216614,2,1772321222.026194
PDA10CS2,1305.0,0.0052319241907584635,2,1772321222.031194
PDA10CS2,1305.0,0.0052319241907584635,2,1772321222.036194
PDA10CS2,1305.0,0.005560879326916984,2,1772321222.041194
PDA10CS2,1305.0,0.0052319241907584635,2,1772321222.046194
PDA10CS2,1305.0,0.004902969054741052,2,1772321222.051194
PDA10CS2,1305.0,0.005889834463216614,2,1772321222.056194
PDA10CS2,1305.0,0.0052319241907584635,2,1772321222.061194
PDA10CS2,1305.0,0.004574013918864722,2,1772321222.066194
PDA10CS2,1305.0,0.004902969054741052,2,1772321222.071194
PDA10CS2,1305.0,0.006218789599657354,2,1772321222.076194
PDA10CS2,1305.0,0.003916103647535335,2,1772321222.081194
PDA10CS2,1305.0,0.0052319241907584635,2,1772321222.086194
PDA10CS2,1305.0,0.003916103647535335,2,1772321222.091194
PDA10CS2,1305.0,0.005889834463216614,2,1772321222.096194
PDA10CS2,1305.0,0.0052319241907584635,2,1772321222.101194
PDA10CS2,1305.0,0.004574013918864722,2,1772321222.106194
PDA10CS2,1305.0,0.004574013918864722,2,1772321222.1111941
PDA10CS2,1305.0,0.005889834463216614,2,1772321222.116194
PDA10CS2,1305.0,0.005560879326916984,2,1772321222.1211941
PDA10CS2,1305.0,0.004902969054741052,2,1772321222.126194
PDA10CS2,1305.0,0.0052319241907584635,2,1772321222.131194
PDA10CS2,1305.0,0.0052319241907584635,2,1772321222.136194
PDA10CS2,1305.0,0.004902969054741052,2,1772321222.141194
PDA10CS2,1305.0,0.004902969054741052,2,1772321222.146194
PDA10CS2,1305.0,0.005560879326916984,2,1772321222.151194
PDA10CS2,1305.0,0.005560879326916984,2,1772321222.156194
PDA10CS2,1305.0,0.005560879326916984,2,1772321222.161194
PDA10CS2,1305.0,0.0052319241907584635,2,1772321222.166194
PDA10CS2,1305.0,0.004574013918864722,2,1772321222.171194
PDA10CS2,1305.0,0.005560879326916984,2,1772321222.176194
PDA10CS2,1305.0,0.004574013918864722,2,1772321222.181194
PDA10CS2,1305.0,0.004902969054741052,2,1772321222.186194
PDA10CS2,1305.0,0.004902969054741052,2,1772321222.191194
PDA10CS2,1305.0,0.004245058783129502,2,1772321222.196194
PDA10CS2,1305.0,0.0052319241907584635,2,1772321222.201194
PDA10CS2,1305.0,0.004902969054741052,2,1772321222.206194
PDA10CS2,1305.0,0.005889834463216614,2,1772321222.211194
PDA10CS2,1305.0,0.003916103647535335,2,1772321222.216194
PDA10CS2,1305.0,0.005889834463216614,2,1772321222.221194
PDA10CS2,1305.0,0.004245058783129502,2,1772321222.226194
PDA10CS2,1305.0,0.005889834463216614,2,1772321222.231194
PDA10CS2,1305.0,0.0052319241907584635,2,1772321222.236194
PDA10CS2,1305.0,0.005560879326916984,2,1772321222.241194
PDA10CS2,1305.0,0.0052319241907584635,2,1772321222.246194
PDA10CS2,1305.0,0.004902969054741052,2,1772321222.251194
PDA10CS2,1305.0,0.004902969054741052,2,1772321222.2561939
PDA10CS2,1305.0,0.0052319241907584635,2,1772321222.261194
PDA10CS2,1305.0,0.004902969054741052,2,1772321222.2661939
PDA10CS2,1305.0,0.0052319241907584635,2,1772321222.271194
PDA10CS2,1305.0,0.0052319241907584635,2,1772321222.276194
PDA10CS2,1305.0,0.004574013918864722,2,1772321222.281194
PDA10CS2,1305.0,0.004574013918864722,2,1772321222.286194
PDA10CS2,1305.0,0.004245058783129502,2,1772321222.291194
PDA10CS2,1305.0,0.004574013918864722,2,1772321222.296194
PDA10CS2,1305.0,0.004902969054741052,2,1772321222.301194
PDA10CS2,1305.0,0.004574013918864722,2,1772321222.306194
PDA10CS2,1305.0,0.0052319241907584635,2,1772321222.311194
PDA10CS2,1305.0,0.004574013918864722,2,1772321222.316194
PDA10CS2,1305.0,0.004902969054741052,2,1772321222.321194
PDA10CS2,1305.0,0.006218789599657354,2,1772321222.326194
PDA10CS2,1305.0,0.004902969054741052,2,1772321222.331194
PDA10CS2,1305.0,0.005560879326916984,2,1772321222.336194
PDA10CS2,1305.0,0.0052319241907584635,2,1772321222.341194
PDA10CS2,1305.0,0.0052319241907584635,2,1772321222.346194
PDA10CS2,1305.0,0.0052319241907584635,2,1772321222.351194
PDA10CS2,1305.0,0.004245058783129502,2,1772321222.356194
PDA10CS2,1305.0,0.005889834463216614,2,1772321222.361194
PDA10CS2,1305.0,0.0052319241907584635,2,1772321222.366194
PDA10CS2,1305.0,0.0052319241907584635,2,1772321222.371194
PDA10CS2,1305.0,0.0052319241907584635,2,1772321222.376194
PDA10CS2,1305.0,0.003916103647535335,2,1772321222.3811939
PDA10CS2,1305.0,0.0052319241907584635,2,1772321222.386194
PDA10CS2,1305.0,0.004902969054741052,2,1772321222.3911939
PDA10CS2,1305.0,0.006218789599657354,2,1772321222.396194
PDA10CS2,1305.0,0.005889834463216614,2,1772321222.4011939
PDA10CS2,1305.0,0.0052319241907584635,2,1772321222.406194
PDA10CS2,1305.0,0.0052319241907584635,2,1772321222.4111938
PDA10CS2,1305.0,0.005889834463216614,2,1772321222.416194
PDA10CS2,1305.0,0.0052319241907584635,2,1772321222.4211938
PDA10CS2,1305.0,0.004574013918864722,2,1772321222.426194
PDA10CS2,1305.0,0.0052319241907584635,2,1772321222.4311938
PDA10CS2,1305.0,0.004902969054741052,2,1772321222.436194
PDA10CS2,1305.0,0.004902969054741052,2,1772321222.441194
PDA10CS2,1305.0,0.0052319241907584635,2,1772321222.4461942
PDA10CS2,1305.0,0.004902969054741052,2,1772321222.451194
PDA10CS2,1305.0,0.005889834463216614,2,1772321222.4561942
PDA10CS2,1305.0,0.005560879326916984,2,1772321222.461194
PDA10CS2,1305.0,0.004574013918864722,2,1772321222.4661942
PDA10CS2,1305.0,0.0052319241907584635,2,1772321222.471194
PDA10CS2,1305.0,0.005560879326916984,2,1772321222.4761941
PDA10CS2,1305.0,0.0052319241907584635,2,1772321222.481194
PDA10CS2,1305.0,0.005889834463216614,2,1772321222.4861941
PDA10CS2,1305.0,0.0052319241907584635,2,1772321222.491194
PDA10CS2,1305.0,0.004574013918864722,2,1772321222.4961941
PDA10CS2,1305.0,0.004245058783129502,2,1772321222.501194
PDA10CS2,1305.0,0.004902969054741052,2,1772321222.506194
PDA10CS2,1305.0,0.004245058783129502,2,1772321222.511194
PDA10CS2,1305.0,0.004902969054741052,2,1772321222.516194
PDA10CS2,1305.0,0.005560879326916984,2,1772321222.521194
PDA10CS2,1305.0,0.004902969054741052,2,1772321222.526194
PDA10CS2,1305.0,0.006218789599657354,2,1772321222.531194
PDA10CS2,1305.0,0.004245058783129502,2,1772321222.536194
PDA10CS2,1305.0,0.004902969054741052,2,1772321222.541194
PDA10CS2,1305.0,0.0052319241907584635,2,1772321222.546194
PDA10CS2,1305.0,0.0052319241907584635,2,1772321222.551194
PDA10CS2,1305.0,0.005560879326916984,2,1772321222.556194
PDA10CS2,1305.0,0.004902969054741052,2,1772321222.561194
PDA10CS2,1305.0,0.005560879326916984,2,1772321222.566194
PDA10CS2,1305.0,0.006218789599657354,2,1772321222.571194
PDA10CS2,1305.0,0.004902969054741052,2,1772321222.576194
PDA10CS2,1305.0,0.005889834463216614,2,1772321222.581194
PDA10CS2,1305.0,0.004902969054741052,2,1772321222.586194
PDA10CS2,1305.0,0.0052319241907584635,2,1772321222.591194
PDA10CS2,1305.0,0.0052319241907584635,2,1772321222.596194
PDA10CS2,1305.0,0.004902969054741052,2,1772321222.601194
PDA10CS2,1305.0,0.004574013918864722,2,1772321222.606194
PDA10CS2,1305.0,0.005889834463216614,2,1772321222.6111941
PDA10CS2,1305.0,0.005889834463216614,2,1772321222.616194
PDA10CS2,1305.0,0.0052319241907584635,2,1772321222.6211941
PDA10CS2,1305.0,0.004574013918864722,2,1772321222.626194
PDA10CS2,1305.0,0.004245058783129502,2,1772321222.631194
PDA10CS2,1305.0,0.004574013918864722,2,1772321222.636194
PDA10CS2,1305.0,0.005889834463216614,2,1772321222.641194
PDA10CS2,1305.0,0.006218789599657354,2,1772321222.646194
PDA10CS2,1305.0,0.0052319241907584635,2,1772321222.651194
PDA10CS2,1305.0,0.0052319241907584635,2,1772321222.656194
PDA10CS2,1305.0,0.005560879326916984,2,1772321222.661194
PDA10CS2,1305.0,0.004902969054741052,2,1772321222.666194
PDA10CS2,1305.0,0.0052319241907584635,2,1772321222.671194
PDA10CS2,1305.0,0.005560879326916984,2,1772321222.676194
PDA10CS2,1305.0,0.004574013918864722,2,1772321222.681194
PDA10CS2,1305.0,0.004245058783129502,2,1772321222.686194
PDA10CS2,1305.0,0.0052319241907584635,2,1772321222.691194
PDA10CS2,1305.0,0.0052319241907584635,2,1772321222.696194
PDA10CS2,1305.0,0.004574013918864722,2,1772321222.701194
PDA10CS2,1305.0,0.0052319241907584635,2,1772321222.706194
PDA10CS2,1305.0,0.004574013918864722,2,1772321222.711194
PDA10CS2,1305.0,0.004574013918864722,2,1772321222.716194
PDA10CS2,1305.0,0.004574013918864722,2,1772321222.721194
PDA10CS2,1305.0,0.004902969054741052,2,1772321222.726194
PDA10CS2,1305.0,0.004902969054741052,2,1772321222.731194
PDA10CS2,1305.0,0.005560879326916984,2,1772321222.736194
PDA10CS2,1305.0,0.005889834463216614,2,1772321222.741194
PDA10CS2,1305.0,0.005560879326916984,2,1772321222.746194
PDA10CS2,1305.0,0.004902969054741052,2,1772321222.751194
PDA10CS2,1305.0,0.0065477447362392305,2,1772321222.7561939
PDA10CS2,1305.0,0.003916103647535335,2,1772321222.761194
PDA10CS2,1305.0,0.0052319241907584635,2,1772321222.7661939
PDA10CS2,1305.0,0.004902969054741052,2,1772321222.771194
PDA10CS2,1305.0,0.004574013918864722,2,1772321222.776194
PDA10CS2,1305.0,0.005560879326916984,2,1772321222.781194
PDA10CS2,1305.0,0.004574013918864722,2,1772321222.786194
PDA10CS2,1305.0,0.0065477447362392305,2,1772321222.791194
PDA10CS2,1305.0,0.006218789599657354,2,1772321222.796194
PDA10CS2,1305.0,0.004902969054741052,2,1772321222.801194
PDA10CS2,1305.0,0.005560879326916984,2,1772321222.806194
PDA10CS2,1305.0,0.005889834463216614,2,1772321222.811194
PDA10CS2,1305.0,0.005560879326916984,2,1772321222.816194
PDA10CS2,1305.0,0.005560879326916984,2,1772321222.821194
PDA10CS2,1305.0,0.0052319241907584635,2,1772321222.826194
PDA10CS2,1305.0,0.004574013918864722,2,1772321222.831194
PDA10CS2,1305.0,0.0052319241907584635,2,1772321222.836194
PDA10CS2,1305.0,0.0052319241907584635,2,1772321222.841194
PDA10CS2,1305.0,0.004574013918864722,2,1772321222.846194
PDA10CS2,1305.0,0.005889834463216614,2,1772321222.851194
PDA10CS2,1305.0,0.0052319241907584635,2,1772321222.856194
PDA10CS2,1305.0,0.005889834463216614,2,1772321222.861194
PDA10CS2,1305.0,0.005560879326916984,2,1772321222.866194
PDA10CS2,1305.0,0.005560879326916984,2,1772321222.871194
PDA10CS2,1305.0,0.004574013918864722,2,1772321222.876194
PDA10CS2,1305.0,0.004245058783129502,2,1772321222.8811939
PDA10CS2,1305.0,0.0052319241907584635,2,1772321222.886194
PDA10CS2,1305.0,0.005889834463216614,2,1772321222.8911939
PDA10CS2,1305.0,0.004245058783129502,2,1772321222.896194
PDA10CS2,1305.0,0.005560879326916984,2,1772321222.9011939
PDA10CS2,1305.0,0.005560879326916984,2,1772321222.906194
PDA10CS2,1305.0,0.0052319241907584635,2,1772321222.9111938
PDA10CS2,1305.0,0.0052319241907584635,2,1772321222.916194
PDA10CS2,1305.0,0.005560879326916984,2,1772321222.9211938
PDA10CS2,1305.0,0.004245058783129502,2,1772321222.926194
PDA10CS2,1305.0,0.004574013918864722,2,1772321222.9311938
PDA10CS2,1305.0,0.0052319241907584635,2,1772321222.936194
